{"frameRate":24,"isGlobal":0,"name":"Robot","version":"4.0","armature":[{"slot":[{"z":0,"displayIndex":0,"name":"innerarm_upper","parent":"innerarm_upper"},{"z":1,"displayIndex":0,"name":"innerarm_lower","parent":"innerarm_lower"},{"z":2,"displayIndex":0,"name":"innerarm_hand","parent":"innerarm_hand"},{"z":3,"displayIndex":0,"name":"innerleg_upper","parent":"innerleg_upper"},{"z":4,"displayIndex":0,"name":"innerleg_lower","parent":"innerleg_lower"},{"z":5,"displayIndex":0,"name":"innerleg_foot","parent":"innerleg_foot"},{"z":6,"displayIndex":0,"name":"head","parent":"head"},{"z":7,"displayIndex":0,"name":"upperbody","parent":"upperbody"},{"z":8,"displayIndex":0,"name":"lowerbody","parent":"lowerbody"},{"z":9,"displayIndex":0,"name":"outerleg_upper","parent":"outerleg_upper"},{"z":10,"displayIndex":0,"name":"outerleg_lower","parent":"outerleg_lower"},{"z":11,"displayIndex":0,"name":"outerleg_foot","parent":"outerleg_foot"},{"z":12,"displayIndex":0,"name":"outerarm_upper","parent":"outerarm_upper"},{"z":13,"displayIndex":0,"name":"outerarm_lower","parent":"outerarm_lower"},{"z":14,"displayIndex":0,"name":"outerarm_hand","parent":"outerarm_hand"}],"animation":[{"bone":[{"frame":[{"duration":20,"transform":{"skX":0,"y":0,"skY":0,"scX":1,"scY":1,"x":0},"tweenEasing":0},{"duration":20,"transform":{"skX":0,"y":4,"skY":0,"scX":1,"scY":1,"x":0},"tweenEasing":0},{"duration":0,"transform":{"skX":0,"y":0,"skY":0,"scX":1,"scY":1,"x":0},"tweenEasing":0}],"pY":0,"scale":1,"pX":0,"offset":0,"name":"lowerbody"},{"frame":[{"duration":20,"transform":{"skX":0,"y":0,"skY":0,"scX":1,"scY":1,"x":0},"tweenEasing":0},{"duration":20,"transform":{"skX":-3.00999999999999,"y":2.1000000000000014,"skY":-3.00999999999999,"scX":1,"scY":1,"x":0},"tweenEasing":0},{"duration":0,"transform":{"skX":0,"y":0,"skY":0,"scX":1,"scY":1,"x":0},"tweenEasing":0}],"pY":0,"scale":1,"pX":0,"offset":0,"name":"upperbody"},{"frame":[{"duration":20,"transform":{"skX":0,"y":0,"skY":0,"scX":1,"scY":1,"x":0},"tweenEasing":0},{"duration":20,"transform":{"skX":3.2499999999999964,"y":-3.9000000000000057,"skY":3.2499999999999964,"scX":1,"scY":1,"x":0},"tweenEasing":0},{"duration":0,"transform":{"skX":0,"y":0,"skY":0,"scX":1,"scY":1,"x":0},"tweenEasing":0}],"pY":0,"scale":1,"pX":0,"offset":0,"name":"outerleg_upper"},{"frame":[{"duration":20,"transform":{"skX":0,"y":0,"skY":0,"scX":1,"scY":1,"x":0},"tweenEasing":0},{"duration":20,"transform":{"skX":3.7499999999999902,"y":-4,"skY":3.7499999999999902,"scX":1,"scY":1,"x":0},"tweenEasing":0},{"duration":0,"transform":{"skX":0,"y":0,"skY":0,"scX":1,"scY":1,"x":0},"tweenEasing":0}],"pY":0,"scale":1,"pX":0,"offset":0,"name":"innerleg_upper"},{"frame":[{"duration":20,"transform":{"skX":0,"y":0,"skY":0,"scX":1,"scY":1,"x":-2.1316282072803012e-14},"tweenEasing":0},{"duration":20,"transform":{"skX":-6.739999999999942,"y":0.655003656721135,"skY":-6.739999999999942,"scX":1.0000000000000004,"scY":1.0000000000000004,"x":-0.6316775810181312},"tweenEasing":0},{"duration":0,"transform":{"skX":0,"y":0,"skY":0,"scX":1,"scY":1,"x":-2.1316282072803012e-14},"tweenEasing":0}],"pY":0,"scale":1,"pX":0,"offset":0,"name":"innerleg_lower"},{"frame":[{"duration":4,"transform":{"skX":0.6019999999999909,"y":0.2792779576563589,"skY":0.6019999999999909,"scX":1,"scY":1,"x":-0.6052818590494198},"tweenEasing":0},{"duration":20,"transform":{"skX":0,"y":0,"skY":0,"scX":1,"scY":1,"x":-2.4868995751603507e-14},"tweenEasing":0},{"duration":16,"transform":{"skX":3.0099999999999545,"y":1.3963897882817946,"skY":3.0099999999999545,"scX":1,"scY":1,"x":-3.0264092952469994},"tweenEasing":0},{"duration":0,"transform":{"skX":0.6019999999999909,"y":0.2792779576563589,"skY":0.6019999999999909,"scX":1,"scY":1,"x":-0.6052818590494198},"tweenEasing":0}],"pY":0,"scale":1,"pX":0,"offset":0,"name":"head"},{"frame":[{"duration":20,"transform":{"skX":0,"y":-2.8421709430404014e-14,"skY":0,"scX":1,"scY":1,"x":3.5527136788005016e-14},"tweenEasing":0},{"duration":20,"transform":{"skX":-6.749999999999535,"y":0.6785491913721557,"skY":-6.749999999999535,"scX":1,"scY":1,"x":-1.538950073449799},"tweenEasing":0},{"duration":0,"transform":{"skX":0,"y":-2.8421709430404014e-14,"skY":0,"scX":1,"scY":1,"x":3.5527136788005016e-14},"tweenEasing":0}],"pY":0,"scale":1,"pX":0,"offset":0,"name":"outerleg_lower"},{"frame":[{"duration":2,"transform":{"skX":-0.2280000000000092,"y":0.14269701220384823,"skY":-0.2280000000000092,"scX":1,"scY":1,"x":0.051622091606738585},"tweenEasing":0},{"duration":20,"transform":{"skX":-7.105427357601002e-15,"y":2.8421709430404014e-14,"skY":-7.105427357601002e-15,"scX":1,"scY":1,"x":-1.4210854715202004e-14},"tweenEasing":0},{"duration":18,"transform":{"skX":-2.2800000000000296,"y":1.4269701220382274,"skY":-2.2800000000000296,"scX":1,"scY":1,"x":0.516220916067514},"tweenEasing":0},{"duration":0,"transform":{"skX":-0.2280000000000092,"y":0.14269701220384823,"skY":-0.2280000000000092,"scX":1,"scY":1,"x":0.051622091606738585},"tweenEasing":0}],"pY":0,"scale":1,"pX":0,"offset":0,"name":"innerarm_upper"},{"frame":[{"duration":2,"transform":{"skX":0.30099999999999544,"y":0.28140542363543375,"skY":0.30099999999999544,"scX":1,"scY":1,"x":-0.41958213484616547},"tweenEasing":0},{"duration":20,"transform":{"skX":0,"y":0,"skY":0,"scX":1,"scY":1,"x":-1.4210854715202004e-14},"tweenEasing":0},{"duration":18,"transform":{"skX":3.0099999999999545,"y":2.8140542363543375,"skY":3.0099999999999545,"scX":1,"scY":1,"x":-4.1958213484615285},"tweenEasing":0},{"duration":0,"transform":{"skX":0.30099999999999544,"y":0.28140542363543375,"skY":0.30099999999999544,"scX":1,"scY":1,"x":-0.41958213484616547},"tweenEasing":0}],"pY":0,"scale":1,"pX":0,"offset":0,"name":"outerarm_upper"},{"frame":[{"duration":20,"transform":{"skX":0,"y":5.684341886080804e-14,"skY":0,"scX":1.0000000000000002,"scY":1.0000000000000002,"x":-2.486899575160351e-13},"tweenEasing":0},{"duration":20,"transform":{"skX":2.989999999999377,"y":2.3450030404627284,"skY":2.989999999999377,"scX":1,"scY":1,"x":1.2244457923470249},"tweenEasing":0},{"duration":0,"transform":{"skX":0,"y":5.684341886080804e-14,"skY":0,"scX":1.0000000000000002,"scY":1.0000000000000002,"x":-2.486899575160351e-13},"tweenEasing":0}],"pY":0,"scale":1,"pX":0,"offset":0,"name":"innerleg_foot"},{"frame":[{"duration":20,"transform":{"skX":7.549516567451064e-14,"y":-2.8421709430404014e-14,"skY":7.549516567451064e-14,"scX":1,"scY":1,"x":-2.1316282072803012e-14},"tweenEasing":0},{"duration":20,"transform":{"skX":-4.490000000000003,"y":-0.02573923814875911,"skY":-4.490000000000003,"scX":1.0000000000000002,"scY":1.0000000000000002,"x":0.03809257541668032},"tweenEasing":0},{"duration":0,"transform":{"skX":7.549516567451064e-14,"y":-2.8421709430404014e-14,"skY":7.549516567451064e-14,"scX":1,"scY":1,"x":-2.1316282072803012e-14},"tweenEasing":0}],"pY":0,"scale":1,"pX":0,"offset":0,"name":"innerarm_lower"},{"frame":[{"duration":20,"transform":{"skX":0,"y":2.8421709430404014e-14,"skY":0,"scX":1,"scY":1,"x":6.217248937900879e-14},"tweenEasing":0},{"duration":20,"transform":{"skX":3.499999999999586,"y":-0.37216483944277456,"skY":3.499999999999586,"scX":1,"scY":1,"x":-0.6971330874328583},"tweenEasing":0},{"duration":0,"transform":{"skX":0,"y":2.8421709430404014e-14,"skY":0,"scX":1,"scY":1,"x":6.217248937900879e-14},"tweenEasing":0}],"pY":0,"scale":1,"pX":0,"offset":0,"name":"outerleg_foot"},{"frame":[{"duration":20,"transform":{"skX":0,"y":0,"skY":0,"scX":1,"scY":1,"x":-7.105427357601002e-15},"tweenEasing":0},{"duration":20,"transform":{"skX":6.510000000000003,"y":-1.4210854715202004e-14,"skY":6.510000000000003,"scX":1.0000000000000002,"scY":1.0000000000000002,"x":1.4210854715202004e-14},"tweenEasing":0},{"duration":0,"transform":{"skX":0,"y":0,"skY":0,"scX":1,"scY":1,"x":-7.105427357601002e-15},"tweenEasing":0}],"pY":0,"scale":1,"pX":0,"offset":0,"name":"outerarm_lower"},{"frame":[{"duration":20,"transform":{"skX":-9.592326932761353e-14,"y":2.8421709430404014e-14,"skY":-9.592326932761353e-14,"scX":0.9999999999999998,"scY":0.9999999999999998,"x":1.7408297026122457e-13},"tweenEasing":0},{"duration":20,"transform":{"skX":2.4868995751603507e-14,"y":0.039648170523250315,"skY":2.4868995751603507e-14,"scX":1.0000000000000002,"scY":1.0000000000000002,"x":0.05613251266109742},"tweenEasing":0},{"duration":0,"transform":{"skX":-9.592326932761353e-14,"y":2.8421709430404014e-14,"skY":-9.592326932761353e-14,"scX":0.9999999999999998,"scY":0.9999999999999998,"x":1.7408297026122457e-13},"tweenEasing":0}],"pY":0,"scale":1,"pX":0,"offset":0,"name":"innerarm_hand"},{"frame":[{"duration":20,"transform":{"skX":0,"y":0,"skY":0,"scX":1,"scY":1,"x":0},"tweenEasing":0},{"duration":20,"transform":{"skX":-21.32999999999995,"y":-3.700810981279844,"skY":-21.32999999999995,"scX":1,"scY":1,"x":-0.6693282186989826},"tweenEasing":0},{"duration":0,"transform":{"skX":0,"y":0,"skY":0,"scX":1,"scY":1,"x":0},"tweenEasing":0}],"pY":0,"scale":1,"pX":0,"offset":0,"name":"outerarm_hand"}],"disableTween":0,"slot":[{"frame":[{"duration":2,"displayIndex":0,"z":0,"tweenEasing":0,"color":{"bO":0,"rM":100,"rO":0,"aO":0,"gM":100,"gO":0,"bM":100,"aM":100}},{"duration":20,"displayIndex":0,"z":0,"tweenEasing":0,"color":{"bO":0,"rM":100,"rO":0,"aO":0,"gM":100,"gO":0,"bM":100,"aM":100}},{"duration":18,"displayIndex":0,"z":0,"tweenEasing":0,"color":{"bO":0,"rM":100,"rO":0,"aO":0,"gM":100,"gO":0,"bM":100,"aM":100}},{"duration":0,"displayIndex":0,"z":0,"tweenEasing":0,"color":{"bO":0,"rM":100,"rO":0,"aO":0,"gM":100,"gO":0,"bM":100,"aM":100}}],"offset":0,"name":"innerarm_upper","scale":1},{"frame":[{"duration":20,"displayIndex":0,"z":0,"tweenEasing":0,"color":{"bO":0,"rM":100,"rO":0,"aO":0,"gM":100,"gO":0,"bM":100,"aM":100}},{"duration":20,"displayIndex":0,"z":0,"tweenEasing":0,"color":{"bO":0,"rM":100,"rO":0,"aO":0,"gM":100,"gO":0,"bM":100,"aM":100}},{"duration":0,"displayIndex":0,"z":0,"tweenEasing":0,"color":{"bO":0,"rM":100,"rO":0,"aO":0,"gM":100,"gO":0,"bM":100,"aM":100}}],"offset":0,"name":"innerarm_lower","scale":1},{"frame":[{"duration":20,"displayIndex":0,"z":0,"tweenEasing":0,"color":{"bO":0,"rM":100,"rO":0,"aO":0,"gM":100,"gO":0,"bM":100,"aM":100}},{"duration":20,"displayIndex":0,"z":0,"tweenEasing":0,"color":{"bO":0,"rM":100,"rO":0,"aO":0,"gM":100,"gO":0,"bM":100,"aM":100}},{"duration":0,"displayIndex":0,"z":0,"tweenEasing":0,"color":{"bO":0,"rM":100,"rO":0,"aO":0,"gM":100,"gO":0,"bM":100,"aM":100}}],"offset":0,"name":"innerarm_hand","scale":1},{"frame":[{"duration":20,"displayIndex":0,"z":0,"tweenEasing":0,"color":{"bO":0,"rM":100,"rO":0,"aO":0,"gM":100,"gO":0,"bM":100,"aM":100}},{"duration":20,"displayIndex":0,"z":0,"tweenEasing":0,"color":{"bO":0,"rM":100,"rO":0,"aO":0,"gM":100,"gO":0,"bM":100,"aM":100}},{"duration":0,"displayIndex":0,"z":0,"tweenEasing":0,"color":{"bO":0,"rM":100,"rO":0,"aO":0,"gM":100,"gO":0,"bM":100,"aM":100}}],"offset":0,"name":"innerleg_upper","scale":1},{"frame":[{"duration":20,"displayIndex":0,"z":0,"tweenEasing":0,"color":{"bO":0,"rM":100,"rO":0,"aO":0,"gM":100,"gO":0,"bM":100,"aM":100}},{"duration":20,"displayIndex":0,"z":0,"tweenEasing":0,"color":{"bO":0,"rM":100,"rO":0,"aO":0,"gM":100,"gO":0,"bM":100,"aM":100}},{"duration":0,"displayIndex":0,"z":0,"tweenEasing":0,"color":{"bO":0,"rM":100,"rO":0,"aO":0,"gM":100,"gO":0,"bM":100,"aM":100}}],"offset":0,"name":"innerleg_lower","scale":1},{"frame":[{"duration":20,"displayIndex":0,"z":0,"tweenEasing":0,"color":{"bO":0,"rM":100,"rO":0,"aO":0,"gM":100,"gO":0,"bM":100,"aM":100}},{"duration":20,"displayIndex":0,"z":0,"tweenEasing":0,"color":{"bO":0,"rM":100,"rO":0,"aO":0,"gM":100,"gO":0,"bM":100,"aM":100}},{"duration":0,"displayIndex":0,"z":0,"tweenEasing":0,"color":{"bO":0,"rM":100,"rO":0,"aO":0,"gM":100,"gO":0,"bM":100,"aM":100}}],"offset":0,"name":"innerleg_foot","scale":1},{"frame":[{"duration":4,"displayIndex":0,"z":0,"tweenEasing":0,"color":{"bO":0,"rM":100,"rO":0,"aO":0,"gM":100,"gO":0,"bM":100,"aM":100}},{"duration":20,"displayIndex":0,"z":0,"tweenEasing":0,"color":{"bO":0,"rM":100,"rO":0,"aO":0,"gM":100,"gO":0,"bM":100,"aM":100}},{"duration":16,"displayIndex":0,"z":0,"tweenEasing":0,"color":{"bO":0,"rM":100,"rO":0,"aO":0,"gM":100,"gO":0,"bM":100,"aM":100}},{"duration":0,"displayIndex":0,"z":0,"tweenEasing":0,"color":{"bO":0,"rM":100,"rO":0,"aO":0,"gM":100,"gO":0,"bM":100,"aM":100}}],"offset":0,"name":"head","scale":1},{"frame":[{"duration":20,"displayIndex":0,"z":0,"tweenEasing":0,"color":{"bO":0,"rM":100,"rO":0,"aO":0,"gM":100,"gO":0,"bM":100,"aM":100}},{"duration":20,"displayIndex":0,"z":0,"tweenEasing":0,"color":{"bO":0,"rM":100,"rO":0,"aO":0,"gM":100,"gO":0,"bM":100,"aM":100}},{"duration":0,"displayIndex":0,"z":0,"tweenEasing":0,"color":{"bO":0,"rM":100,"rO":0,"aO":0,"gM":100,"gO":0,"bM":100,"aM":100}}],"offset":0,"name":"upperbody","scale":1},{"frame":[{"duration":20,"displayIndex":0,"z":0,"tweenEasing":0,"color":{"bO":0,"rM":100,"rO":0,"aO":0,"gM":100,"gO":0,"bM":100,"aM":100}},{"duration":20,"displayIndex":0,"z":0,"tweenEasing":0,"color":{"bO":0,"rM":100,"rO":0,"aO":0,"gM":100,"gO":0,"bM":100,"aM":100}},{"duration":0,"displayIndex":0,"z":0,"tweenEasing":0,"color":{"bO":0,"rM":100,"rO":0,"aO":0,"gM":100,"gO":0,"bM":100,"aM":100}}],"offset":0,"name":"lowerbody","scale":1},{"frame":[{"duration":20,"displayIndex":0,"z":0,"tweenEasing":0,"color":{"bO":0,"rM":100,"rO":0,"aO":0,"gM":100,"gO":0,"bM":100,"aM":100}},{"duration":20,"displayIndex":0,"z":0,"tweenEasing":0,"color":{"bO":0,"rM":100,"rO":0,"aO":0,"gM":100,"gO":0,"bM":100,"aM":100}},{"duration":0,"displayIndex":0,"z":0,"tweenEasing":0,"color":{"bO":0,"rM":100,"rO":0,"aO":0,"gM":100,"gO":0,"bM":100,"aM":100}}],"offset":0,"name":"outerleg_upper","scale":1},{"frame":[{"duration":20,"displayIndex":0,"z":0,"tweenEasing":0,"color":{"bO":0,"rM":100,"rO":0,"aO":0,"gM":100,"gO":0,"bM":100,"aM":100}},{"duration":20,"displayIndex":0,"z":0,"tweenEasing":0,"color":{"bO":0,"rM":100,"rO":0,"aO":0,"gM":100,"gO":0,"bM":100,"aM":100}},{"duration":0,"displayIndex":0,"z":0,"tweenEasing":0,"color":{"bO":0,"rM":100,"rO":0,"aO":0,"gM":100,"gO":0,"bM":100,"aM":100}}],"offset":0,"name":"outerleg_lower","scale":1},{"frame":[{"duration":20,"displayIndex":0,"z":0,"tweenEasing":0,"color":{"bO":0,"rM":100,"rO":0,"aO":0,"gM":100,"gO":0,"bM":100,"aM":100}},{"duration":20,"displayIndex":0,"z":0,"tweenEasing":0,"color":{"bO":0,"rM":100,"rO":0,"aO":0,"gM":100,"gO":0,"bM":100,"aM":100}},{"duration":0,"displayIndex":0,"z":0,"tweenEasing":0,"color":{"bO":0,"rM":100,"rO":0,"aO":0,"gM":100,"gO":0,"bM":100,"aM":100}}],"offset":0,"name":"outerleg_foot","scale":1},{"frame":[{"duration":2,"displayIndex":0,"z":0,"tweenEasing":0,"color":{"bO":0,"rM":100,"rO":0,"aO":0,"gM":100,"gO":0,"bM":100,"aM":100}},{"duration":20,"displayIndex":0,"z":0,"tweenEasing":0,"color":{"bO":0,"rM":100,"rO":0,"aO":0,"gM":100,"gO":0,"bM":100,"aM":100}},{"duration":18,"displayIndex":0,"z":0,"tweenEasing":0,"color":{"bO":0,"rM":100,"rO":0,"aO":0,"gM":100,"gO":0,"bM":100,"aM":100}},{"duration":0,"displayIndex":0,"z":0,"tweenEasing":0,"color":{"bO":0,"rM":100,"rO":0,"aO":0,"gM":100,"gO":0,"bM":100,"aM":100}}],"offset":0,"name":"outerarm_upper","scale":1},{"frame":[{"duration":20,"displayIndex":0,"z":0,"tweenEasing":0,"color":{"bO":0,"rM":100,"rO":0,"aO":0,"gM":100,"gO":0,"bM":100,"aM":100}},{"duration":20,"displayIndex":0,"z":0,"tweenEasing":0,"color":{"bO":0,"rM":100,"rO":0,"aO":0,"gM":100,"gO":0,"bM":100,"aM":100}},{"duration":0,"displayIndex":0,"z":0,"tweenEasing":0,"color":{"bO":0,"rM":100,"rO":0,"aO":0,"gM":100,"gO":0,"bM":100,"aM":100}}],"offset":0,"name":"outerarm_lower","scale":1},{"frame":[{"duration":20,"displayIndex":0,"z":0,"tweenEasing":0,"color":{"bO":0,"rM":100,"rO":0,"aO":0,"gM":100,"gO":0,"bM":100,"aM":100}},{"duration":20,"displayIndex":0,"z":0,"tweenEasing":0,"color":{"bO":0,"rM":100,"rO":0,"aO":0,"gM":100,"gO":0,"bM":100,"aM":100}},{"duration":0,"displayIndex":0,"z":0,"tweenEasing":0,"color":{"bO":0,"rM":100,"rO":0,"aO":0,"gM":100,"gO":0,"bM":100,"aM":100}}],"offset":0,"name":"outerarm_hand","scale":1}],"playTimes":1,"duration":40,"frame":[],"name":"Standby","tweenEasing":0},{"bone":[{"frame":[{"duration":2,"transform":{"skX":0,"y":12.158210751891374,"skY":0,"scX":1,"scY":1,"x":0},"tweenEasing":0},{"duration":4,"transform":{"skX":0,"y":5.564858235610075,"skY":0,"scX":1,"scY":1,"x":0},"tweenEasing":0},{"duration":2,"transform":{"skX":0,"y":-3.224188161948632,"skY":0,"scX":1,"scY":1,"x":0},"tweenEasing":0},{"duration":4,"transform":{"skX":0,"y":0,"skY":0,"scX":1,"scY":1,"x":0},"tweenEasing":0},{"duration":2,"transform":{"skX":0,"y":12.158210751891374,"skY":0,"scX":1,"scY":1,"x":0},"tweenEasing":0},{"duration":4,"transform":{"skX":0,"y":5.564858235610075,"skY":0,"scX":1,"scY":1,"x":0},"tweenEasing":0},{"duration":2,"transform":{"skX":0,"y":-3.224188161948632,"skY":0,"scX":1,"scY":1,"x":0},"tweenEasing":0},{"duration":4,"transform":{"skX":0,"y":0,"skY":0,"scX":1,"scY":1,"x":0},"tweenEasing":0},{"duration":0,"transform":{"skX":0,"y":12.158210751891374,"skY":0,"scX":1,"scY":1,"x":0},"tweenEasing":0}],"pY":0,"scale":1,"pX":0,"offset":0,"name":"lowerbody"},{"frame":[{"duration":4,"transform":{"skX":0,"y":-9.9,"skY":0,"scX":1,"scY":1,"x":0.09999999999999998},"tweenEasing":0},{"duration":8,"transform":{"skX":-3.240960756106792,"y":-8.415000000000001,"skY":-3.240960756106792,"scX":1,"scY":1,"x":0.08499999999999996},"tweenEasing":0},{"duration":4,"transform":{"skX":0,"y":-9.9,"skY":0,"scX":1,"scY":1,"x":0.09999999999999998},"tweenEasing":0},{"duration":8,"transform":{"skX":-3.240960756106792,"y":-8.415000000000001,"skY":-3.240960756106792,"scX":1,"scY":1,"x":0.08499999999999996},"tweenEasing":0},{"duration":0,"transform":{"skX":0,"y":-9.9,"skY":0,"scX":1,"scY":1,"x":0.09999999999999998},"tweenEasing":0}],"pY":0,"scale":1,"pX":0,"offset":0,"name":"upperbody"},{"frame":[{"duration":2,"transform":{"skX":34.574441673479676,"y":1.3808214307451294,"skY":34.574441673479676,"scX":1,"scY":1,"x":-3.0982910563211856},"tweenEasing":0},{"duration":2,"transform":{"skX":30.871945377668293,"y":0.39369821613335887,"skY":30.871945377668293,"scX":1,"scY":1,"x":-0.6835473978730082},"tweenEasing":0},{"duration":2,"transform":{"skX":17.880009021883055,"y":-0.0998633911725264,"skY":17.880009021883055,"scX":1,"scY":1,"x":0.5238244313510805},"tweenEasing":0},{"duration":2,"transform":{"skX":8.503832921801804,"y":-0.5934249984784117,"skY":8.503832921801804,"scX":1,"scY":1,"x":1.731196260575171},"tweenEasing":0},{"duration":4,"transform":{"skX":3.344757620361436,"y":-1.9095892846274367,"skY":3.344757620361436,"scX":1,"scY":1,"x":4.950854471839408},"tweenEasing":0},{"duration":2,"transform":{"skX":-6.520000000000024,"y":-5.199999999999989,"skY":-6.520000000000024,"scX":1,"scY":1,"x":1.472607123293507},"tweenEasing":0},{"duration":2,"transform":{"skX":17.003474577958844,"y":-4.404999999999994,"skY":17.003474577958844,"scX":1,"scY":1,"x":-0.5482839452005184},"tweenEasing":0},{"duration":2,"transform":{"skX":18.688030205206516,"y":-4.007499999999993,"skY":18.688030205206516,"scX":1,"scY":1,"x":-1.558729479447532},"tweenEasing":0},{"duration":2,"transform":{"skX":26.84356051797986,"y":-3.609999999999999,"skY":26.84356051797986,"scX":1,"scY":1,"x":-2.5691750136945446},"tweenEasing":0},{"duration":4,"transform":{"skX":35.47109582244171,"y":-1.114589284627435,"skY":35.47109582244171,"scX":1,"scY":1,"x":-2.8337330350078656},"tweenEasing":0},{"duration":0,"transform":{"skX":34.574441673479676,"y":1.3808214307451294,"skY":34.574441673479676,"scX":1,"scY":1,"x":-3.0982910563211856},"tweenEasing":0}],"pY":0,"scale":1,"pX":0,"offset":0,"name":"outerleg_upper"},{"frame":[{"duration":2,"transform":{"skX":-17.45366172833365,"y":-8.000000000000021,"skY":-17.45366172833365,"scX":1,"scY":1,"x":15.03424998478384},"tweenEasing":0},{"duration":4,"transform":{"skX":-3.4811911201408496,"y":-7.565000000000019,"skY":-3.4811911201408496,"scX":1,"scY":1,"x":11.699112487066262},"tweenEasing":0},{"duration":2,"transform":{"skX":6.708286144643725,"y":-7.130000000000017,"skY":6.708286144643725,"scX":1,"scY":1,"x":8.363974989348687},"tweenEasing":0},{"duration":4,"transform":{"skX":12.02226540667657,"y":-6.550000000000011,"skY":12.02226540667657,"scX":1,"scY":1,"x":3.917124992391919},"tweenEasing":0},{"duration":2,"transform":{"skX":16.294211459050235,"y":-3.3068499969567924,"skY":16.294211459050235,"scX":1,"scY":1,"x":0.4849285844709943},"tweenEasing":0},{"duration":2,"transform":{"skX":9.1190686074777,"y":1.0612303683376254,"skY":9.1190686074777,"scX":1,"scY":1,"x":4.012189296800345},"tweenEasing":0},{"duration":2,"transform":{"skX":-5.15995969603113,"y":0.26171004171960277,"skY":-5.15995969603113,"scX":1,"scY":1,"x":5.775819652965021},"tweenEasing":0},{"duration":2,"transform":{"skX":-11.617679590911576,"y":-0.537810284898427,"skY":-11.617679590911576,"scX":1,"scY":1,"x":7.539450009129696},"tweenEasing":0},{"duration":4,"transform":{"skX":-17.132282750893385,"y":0.8543805805314051,"skY":-17.132282750893385,"scX":1,"scY":1,"x":11.286849996956768},"tweenEasing":0},{"duration":0,"transform":{"skX":-17.45366172833365,"y":-8.000000000000021,"skY":-17.45366172833365,"scX":1,"scY":1,"x":15.03424998478384},"tweenEasing":0}],"pY":0,"scale":1,"pX":0,"offset":0,"name":"innerleg_upper"},{"frame":[{"duration":2,"transform":{"skX":0.19525863282887876,"y":-1.9255342374700888,"skY":0.19525863282887876,"scX":1,"scY":1,"x":1.9029563130975575},"tweenEasing":0},{"duration":4,"transform":{"skX":-40.14334461752878,"y":-1.303012968403607,"skY":-40.14334461752878,"scX":1,"scY":1,"x":1.9573503301230424},"tweenEasing":0},{"duration":2,"transform":{"skX":-35.79018014111723,"y":-0.6804916993371535,"skY":-35.79018014111723,"scX":1,"scY":1,"x":2.0117443471485266},"tweenEasing":0},{"duration":4,"transform":{"skX":-26.112470408472124,"y":0.1495366594181462,"skY":-26.112470408472124,"scX":1.0000000000000002,"scY":1.0000000000000002,"x":2.084269703182506},"tweenEasing":0},{"duration":2,"transform":{"skX":3.0581622437498317,"y":-1.095505878714789,"skY":3.0581622437498317,"scX":1.0000000000000002,"scY":1.0000000000000002,"x":1.9754816691315369},"tweenEasing":0},{"duration":2,"transform":{"skX":-9.471852621479522,"y":-1.718027147781271,"skY":-9.471852621479522,"scX":1.0000000000000002,"scY":1.0000000000000002,"x":1.9210876521060525},"tweenEasing":0},{"duration":2,"transform":{"skX":1.9130554228497716,"y":-2.0292877823144977,"skY":1.9130554228497716,"scX":1.0000000000000002,"scY":1.0000000000000002,"x":1.89389064359331},"tweenEasing":0},{"duration":2,"transform":{"skX":7.051283921597606,"y":-2.3405484168477244,"skY":7.051283921597606,"scX":1.0000000000000002,"scY":1.0000000000000002,"x":1.8666936350805676},"tweenEasing":0},{"duration":4,"transform":{"skX":6.943021672095555,"y":-2.1330413271589066,"skY":6.943021672095555,"scX":1,"scY":1,"x":1.8848249740890624},"tweenEasing":0},{"duration":0,"transform":{"skX":0.19525863282887876,"y":-1.9255342374700888,"skY":0.19525863282887876,"scX":1,"scY":1,"x":1.9029563130975575},"tweenEasing":0}],"pY":0,"scale":1,"pX":0,"offset":0,"name":"innerleg_lower"},{"frame":[{"duration":4,"transform":{"skX":8.710034388710573,"y":-1.9616842384763515,"skY":8.710034388710573,"scX":1,"scY":1,"x":5.286828441702113},"tweenEasing":0},{"duration":8,"transform":{"skX":16.201453598330904,"y":-1.9616842384763515,"skY":16.201453598330904,"scX":1,"scY":1,"x":5.286828441702113},"tweenEasing":0},{"duration":4,"transform":{"skX":8.710034388710573,"y":-1.9616842384763515,"skY":8.710034388710573,"scX":1,"scY":1,"x":5.286828441702113},"tweenEasing":0},{"duration":8,"transform":{"skX":16.201453598330904,"y":-1.9616842384763515,"skY":16.201453598330904,"scX":1,"scY":1,"x":5.286828441702113},"tweenEasing":0},{"duration":0,"transform":{"skX":8.710034388710573,"y":-1.9616842384763515,"skY":8.710034388710573,"scX":1,"scY":1,"x":5.286828441702113},"tweenEasing":0}],"pY":0,"scale":1,"pX":0,"offset":0,"name":"head"},{"frame":[{"duration":2,"transform":{"skX":-8.050944064509194,"y":-1.7402980959516017,"skY":-8.050944064509194,"scX":1,"scY":1,"x":-1.471872123326434},"tweenEasing":0},{"duration":2,"transform":{"skX":-23.386252466003757,"y":-2.033421030593786,"skY":-23.386252466003757,"scX":1,"scY":1,"x":-2.060428842716638},"tweenEasing":0},{"duration":2,"transform":{"skX":-12.27422329377025,"y":-2.1799824979148923,"skY":-12.27422329377025,"scX":1,"scY":1,"x":-2.35470720241174},"tweenEasing":0},{"duration":2,"transform":{"skX":-7.403837244963328,"y":-2.3265439652359703,"skY":-7.403837244963328,"scX":1,"scY":1,"x":-2.6489855621068426},"tweenEasing":0},{"duration":4,"transform":{"skX":-6.666872740976269,"y":-2.717374544758883,"skY":-6.666872740976269,"scX":1.0000000000000002,"scY":1.0000000000000002,"x":-3.4337278546271146},"tweenEasing":0},{"duration":2,"transform":{"skX":-12.740736497540055,"y":-2.131128675474514,"skY":-12.740736497540055,"scX":1.0000000000000002,"scY":1.0000000000000002,"x":-2.2566144158467063},"tweenEasing":0},{"duration":2,"transform":{"skX":-56.20658317970352,"y":-1.8380057408323296,"skY":-56.20658317970352,"scX":1.0000000000000002,"scY":1.0000000000000002,"x":-1.668057696456502},"tweenEasing":0},{"duration":2,"transform":{"skX":-47.609500111287794,"y":-1.821721133352213,"skY":-47.609500111287794,"scX":1.0000000000000002,"scY":1.0000000000000002,"x":-1.635360100934824},"tweenEasing":0},{"duration":2,"transform":{"skX":-41.84402333310091,"y":-1.8054365258720964,"skY":-41.84402333310091,"scX":1.0000000000000002,"scY":1.0000000000000002,"x":-1.602662505413146},"tweenEasing":0},{"duration":4,"transform":{"skX":-40.12537373115451,"y":-1.7728673109118347,"skY":-40.12537373115451,"scX":1,"scY":1,"x":-1.53726731436979},"tweenEasing":0},{"duration":0,"transform":{"skX":-8.050944064509194,"y":-1.7402980959516017,"skY":-8.050944064509194,"scX":1,"scY":1,"x":-1.471872123326434},"tweenEasing":0}],"pY":0,"scale":1,"pX":0,"offset":0,"name":"outerleg_lower"},{"frame":[{"duration":12,"transform":{"skX":1.4699999999999849,"y":11.047226968267452,"skY":1.4699999999999849,"scX":1,"scY":1,"x":12.740438623202262},"tweenEasing":0},{"duration":12,"transform":{"skX":-58.440000000000026,"y":24.914449658344715,"skY":-58.440000000000026,"scX":1.0000000000000002,"scY":1.0000000000000002,"x":6.120458712594228},"tweenEasing":0},{"duration":0,"transform":{"skX":1.4699999999999849,"y":11.047226968267452,"skY":1.4699999999999849,"scX":1,"scY":1,"x":12.740438623202262},"tweenEasing":0}],"pY":0,"scale":1,"pX":0,"offset":0,"name":"innerarm_upper"},{"frame":[{"duration":12,"transform":{"skX":-14.819999999999968,"y":-11.973488806560507,"skY":-14.819999999999968,"scX":1,"scY":1,"x":-6.770221407620767},"tweenEasing":0},{"duration":12,"transform":{"skX":37.62,"y":-18.452467587041582,"skY":37.62,"scX":1,"scY":1,"x":-19.155215585530584},"tweenEasing":0},{"duration":0,"transform":{"skX":-14.819999999999968,"y":-11.973488806560507,"skY":-14.819999999999968,"scX":1,"scY":1,"x":-6.770221407620767},"tweenEasing":0}],"pY":0,"scale":1,"pX":0,"offset":0,"name":"outerarm_upper"},{"frame":[{"duration":12,"transform":{"skX":-19.790000000000017,"y":2.2298802375490823,"skY":-19.790000000000017,"scX":1,"scY":1,"x":3.167451861304301},"tweenEasing":0},{"duration":12,"transform":{"skX":0,"y":-0.047463838723331264,"skY":0,"scX":1,"scY":1,"x":-0.2734954098452249},"tweenEasing":0},{"duration":0,"transform":{"skX":-19.790000000000017,"y":2.2298802375490823,"skY":-19.790000000000017,"scX":1,"scY":1,"x":3.167451861304301},"tweenEasing":0}],"pY":0,"scale":1,"pX":0,"offset":0,"name":"outerarm_lower"},{"frame":[{"duration":12,"transform":{"skX":19.899999999999977,"y":2.745337393149015,"skY":19.899999999999977,"scX":0.9999999999999998,"scY":0.9999999999999998,"x":1.9009567837125445},"tweenEasing":0},{"duration":12,"transform":{"skX":-10.189999999999957,"y":-1.8286612824886532,"skY":-10.189999999999957,"scX":0.9999999999999996,"scY":0.9999999999999996,"x":0.9811015102854056},"tweenEasing":0},{"duration":0,"transform":{"skX":19.899999999999977,"y":2.745337393149015,"skY":19.899999999999977,"scX":0.9999999999999998,"scY":0.9999999999999998,"x":1.9009567837125445},"tweenEasing":0}],"pY":0,"scale":1,"pX":0,"offset":0,"name":"innerarm_lower"},{"frame":[{"duration":2,"transform":{"skX":-10.441034346651614,"y":-3.24688070943526,"skY":-10.441034346651614,"scX":1.0000000000000004,"scY":1.0000000000000004,"x":-4.806020675909734},"tweenEasing":0},{"duration":6,"transform":{"skX":-8.972345665035302,"y":-2.8492732025308385,"skY":-8.972345665035302,"scX":1.0000000000000004,"scY":1.0000000000000004,"x":-4.626881856610979},"tweenEasing":0},{"duration":4,"transform":{"skX":2.197137001398386,"y":-1.9215223530871697,"skY":2.197137001398386,"scX":1.0000000000000002,"scY":1.0000000000000002,"x":-4.20889127824722},"tweenEasing":0},{"duration":12,"transform":{"skX":6.204786100718439,"y":-0.5961639967391079,"skY":6.204786100718439,"scX":1,"scY":1,"x":-3.611761880584707},"tweenEasing":0},{"duration":0,"transform":{"skX":-10.441034346651614,"y":-3.24688070943526,"skY":-10.441034346651614,"scX":1.0000000000000004,"scY":1.0000000000000004,"x":-4.806020675909734},"tweenEasing":0}],"pY":0,"scale":1,"pX":0,"offset":0,"name":"outerleg_foot"},{"frame":[{"duration":8,"transform":{"skX":11.202617334823293,"y":2.4010195363902085,"skY":11.202617334823293,"scX":1.0000000000000002,"scY":1.0000000000000002,"x":2.3183933139003585},"tweenEasing":0},{"duration":4,"transform":{"skX":7.435835466933135,"y":1.9965098926631413,"skY":7.435835466933135,"scX":1,"scY":1,"x":1.8734593257041896},"tweenEasing":0},{"duration":6,"transform":{"skX":2.7447066481669817,"y":1.592000248936074,"skY":2.7447066481669817,"scX":1,"scY":1,"x":1.4285253375080202},"tweenEasing":0},{"duration":2,"transform":{"skX":3.8982553626451577,"y":1.834706035172303,"skY":3.8982553626451577,"scX":1,"scY":1,"x":1.6954857304257214},"tweenEasing":0},{"duration":4,"transform":{"skX":8.162403662657812,"y":1.9965098926631413,"skY":8.162403662657812,"scX":1,"scY":1,"x":1.8734593257041896},"tweenEasing":0},{"duration":0,"transform":{"skX":11.202617334823293,"y":2.4010195363902085,"skY":11.202617334823293,"scX":1.0000000000000002,"scY":1.0000000000000002,"x":2.3183933139003585},"tweenEasing":0}],"pY":0,"scale":1,"pX":0,"offset":0,"name":"innerleg_foot"},{"frame":[{"duration":12,"transform":{"skX":30.09999999999999,"y":2.9631076384070383,"skY":30.09999999999999,"scX":1.0000000000000002,"scY":1.0000000000000002,"x":-3.6252564610643425},"tweenEasing":0},{"duration":12,"transform":{"skX":-15.03,"y":2.986367311273753,"skY":-15.03,"scX":1.0000000000000002,"scY":1.0000000000000002,"x":-3.769184330637291},"tweenEasing":0},{"duration":0,"transform":{"skX":30.09999999999999,"y":2.9631076384070383,"skY":30.09999999999999,"scX":1.0000000000000002,"scY":1.0000000000000002,"x":-3.6252564610643425},"tweenEasing":0}],"pY":0,"scale":1,"pX":0,"offset":0,"name":"innerarm_hand"},{"frame":[{"duration":12,"transform":{"skX":-30.090000000000035,"y":0.08164213427814104,"skY":-30.090000000000035,"scX":1,"scY":1,"x":0.1647706486928211},"tweenEasing":0},{"duration":12,"transform":{"skX":15.049999999999974,"y":-0.07134421844830285,"skY":15.049999999999974,"scX":1,"scY":1,"x":-0.08482102903825961},"tweenEasing":0},{"duration":0,"transform":{"skX":-30.090000000000035,"y":0.08164213427814104,"skY":-30.090000000000035,"scX":1,"scY":1,"x":0.1647706486928211},"tweenEasing":0}],"pY":0,"scale":1,"pX":0,"offset":0,"name":"outerarm_hand"}],"disableTween":0,"slot":[{"frame":[{"duration":12,"displayIndex":0,"z":0,"tweenEasing":0,"color":{"bO":0,"rM":100,"rO":0,"aO":0,"gM":100,"gO":0,"bM":100,"aM":100}},{"duration":12,"displayIndex":0,"z":0,"tweenEasing":0,"color":{"bO":0,"rM":100,"rO":0,"aO":0,"gM":100,"gO":0,"bM":100,"aM":100}},{"duration":0,"displayIndex":0,"z":0,"tweenEasing":0,"color":{"bO":0,"rM":100,"rO":0,"aO":0,"gM":100,"gO":0,"bM":100,"aM":100}}],"offset":0,"name":"innerarm_upper","scale":1},{"frame":[{"duration":12,"displayIndex":0,"z":0,"tweenEasing":0,"color":{"bO":0,"rM":100,"rO":0,"aO":0,"gM":100,"gO":0,"bM":100,"aM":100}},{"duration":12,"displayIndex":0,"z":0,"tweenEasing":0,"color":{"bO":0,"rM":100,"rO":0,"aO":0,"gM":100,"gO":0,"bM":100,"aM":100}},{"duration":0,"displayIndex":0,"z":0,"tweenEasing":0,"color":{"bO":0,"rM":100,"rO":0,"aO":0,"gM":100,"gO":0,"bM":100,"aM":100}}],"offset":0,"name":"innerarm_lower","scale":1},{"frame":[{"duration":12,"displayIndex":0,"z":0,"tweenEasing":0,"color":{"bO":0,"rM":100,"rO":0,"aO":0,"gM":100,"gO":0,"bM":100,"aM":100}},{"duration":12,"displayIndex":0,"z":0,"tweenEasing":0,"color":{"bO":0,"rM":100,"rO":0,"aO":0,"gM":100,"gO":0,"bM":100,"aM":100}},{"duration":0,"displayIndex":0,"z":0,"tweenEasing":0,"color":{"bO":0,"rM":100,"rO":0,"aO":0,"gM":100,"gO":0,"bM":100,"aM":100}}],"offset":0,"name":"innerarm_hand","scale":1},{"frame":[{"duration":12,"displayIndex":0,"z":0,"tweenEasing":0,"color":{"bO":0,"rM":100,"rO":0,"aO":0,"gM":100,"gO":0,"bM":100,"aM":100}},{"duration":12,"displayIndex":0,"z":0,"tweenEasing":0,"color":{"bO":0,"rM":100,"rO":0,"aO":0,"gM":100,"gO":0,"bM":100,"aM":100}},{"duration":0,"displayIndex":0,"z":0,"tweenEasing":0,"color":{"bO":0,"rM":100,"rO":0,"aO":0,"gM":100,"gO":0,"bM":100,"aM":100}}],"offset":0,"name":"innerleg_upper","scale":1},{"frame":[{"duration":24,"displayIndex":0,"z":0,"tweenEasing":0,"color":{"bO":0,"rM":100,"rO":0,"aO":0,"gM":100,"gO":0,"bM":100,"aM":100}},{"duration":0,"displayIndex":0,"z":0,"tweenEasing":0,"color":{"bO":0,"rM":100,"rO":0,"aO":0,"gM":100,"gO":0,"bM":100,"aM":100}}],"offset":0,"name":"innerleg_lower","scale":1},{"frame":[{"duration":12,"displayIndex":0,"z":0,"tweenEasing":0,"color":{"bO":0,"rM":100,"rO":0,"aO":0,"gM":100,"gO":0,"bM":100,"aM":100}},{"duration":12,"displayIndex":0,"z":0,"tweenEasing":0,"color":{"bO":0,"rM":100,"rO":0,"aO":0,"gM":100,"gO":0,"bM":100,"aM":100}},{"duration":0,"displayIndex":0,"z":0,"tweenEasing":0,"color":{"bO":0,"rM":100,"rO":0,"aO":0,"gM":100,"gO":0,"bM":100,"aM":100}}],"offset":0,"name":"innerleg_foot","scale":1},{"frame":[{"duration":12,"displayIndex":0,"z":0,"tweenEasing":0,"color":{"bO":0,"rM":100,"rO":0,"aO":0,"gM":100,"gO":0,"bM":100,"aM":100}},{"duration":12,"displayIndex":0,"z":0,"tweenEasing":0,"color":{"bO":0,"rM":100,"rO":0,"aO":0,"gM":100,"gO":0,"bM":100,"aM":100}},{"duration":0,"displayIndex":0,"z":0,"tweenEasing":0,"color":{"bO":0,"rM":100,"rO":0,"aO":0,"gM":100,"gO":0,"bM":100,"aM":100}}],"offset":0,"name":"head","scale":1},{"frame":[{"duration":12,"displayIndex":0,"z":0,"tweenEasing":0,"color":{"bO":0,"rM":100,"rO":0,"aO":0,"gM":100,"gO":0,"bM":100,"aM":100}},{"duration":12,"displayIndex":0,"z":0,"tweenEasing":0,"color":{"bO":0,"rM":100,"rO":0,"aO":0,"gM":100,"gO":0,"bM":100,"aM":100}},{"duration":0,"displayIndex":0,"z":0,"tweenEasing":0,"color":{"bO":0,"rM":100,"rO":0,"aO":0,"gM":100,"gO":0,"bM":100,"aM":100}}],"offset":0,"name":"upperbody","scale":1},{"frame":[{"duration":8,"displayIndex":0,"z":0,"tweenEasing":0,"color":{"bO":0,"rM":100,"rO":0,"aO":0,"gM":100,"gO":0,"bM":100,"aM":100}},{"duration":12,"displayIndex":0,"z":0,"tweenEasing":0,"color":{"bO":0,"rM":100,"rO":0,"aO":0,"gM":100,"gO":0,"bM":100,"aM":100}},{"duration":4,"displayIndex":0,"z":0,"tweenEasing":0,"color":{"bO":0,"rM":100,"rO":0,"aO":0,"gM":100,"gO":0,"bM":100,"aM":100}},{"duration":0,"displayIndex":0,"z":0,"tweenEasing":0,"color":{"bO":0,"rM":100,"rO":0,"aO":0,"gM":100,"gO":0,"bM":100,"aM":100}}],"offset":0,"name":"lowerbody","scale":1},{"frame":[{"duration":12,"displayIndex":0,"z":0,"tweenEasing":0,"color":{"bO":0,"rM":100,"rO":0,"aO":0,"gM":100,"gO":0,"bM":100,"aM":100}},{"duration":12,"displayIndex":0,"z":0,"tweenEasing":0,"color":{"bO":0,"rM":100,"rO":0,"aO":0,"gM":100,"gO":0,"bM":100,"aM":100}},{"duration":0,"displayIndex":0,"z":0,"tweenEasing":0,"color":{"bO":0,"rM":100,"rO":0,"aO":0,"gM":100,"gO":0,"bM":100,"aM":100}}],"offset":0,"name":"outerleg_upper","scale":1},{"frame":[{"duration":24,"displayIndex":0,"z":0,"tweenEasing":0,"color":{"bO":0,"rM":100,"rO":0,"aO":0,"gM":100,"gO":0,"bM":100,"aM":100}},{"duration":0,"displayIndex":0,"z":0,"tweenEasing":0,"color":{"bO":0,"rM":100,"rO":0,"aO":0,"gM":100,"gO":0,"bM":100,"aM":100}}],"offset":0,"name":"outerleg_lower","scale":1},{"frame":[{"duration":12,"displayIndex":0,"z":0,"tweenEasing":0,"color":{"bO":0,"rM":100,"rO":0,"aO":0,"gM":100,"gO":0,"bM":100,"aM":100}},{"duration":12,"displayIndex":0,"z":0,"tweenEasing":0,"color":{"bO":0,"rM":100,"rO":0,"aO":0,"gM":100,"gO":0,"bM":100,"aM":100}},{"duration":0,"displayIndex":0,"z":0,"tweenEasing":0,"color":{"bO":0,"rM":100,"rO":0,"aO":0,"gM":100,"gO":0,"bM":100,"aM":100}}],"offset":0,"name":"outerleg_foot","scale":1},{"frame":[{"duration":12,"displayIndex":0,"z":0,"tweenEasing":0,"color":{"bO":0,"rM":100,"rO":0,"aO":0,"gM":100,"gO":0,"bM":100,"aM":100}},{"duration":12,"displayIndex":0,"z":0,"tweenEasing":0,"color":{"bO":0,"rM":100,"rO":0,"aO":0,"gM":100,"gO":0,"bM":100,"aM":100}},{"duration":0,"displayIndex":0,"z":0,"tweenEasing":0,"color":{"bO":0,"rM":100,"rO":0,"aO":0,"gM":100,"gO":0,"bM":100,"aM":100}}],"offset":0,"name":"outerarm_upper","scale":1},{"frame":[{"duration":12,"displayIndex":0,"z":0,"tweenEasing":0,"color":{"bO":0,"rM":100,"rO":0,"aO":0,"gM":100,"gO":0,"bM":100,"aM":100}},{"duration":12,"displayIndex":0,"z":0,"tweenEasing":0,"color":{"bO":0,"rM":100,"rO":0,"aO":0,"gM":100,"gO":0,"bM":100,"aM":100}},{"duration":0,"displayIndex":0,"z":0,"tweenEasing":0,"color":{"bO":0,"rM":100,"rO":0,"aO":0,"gM":100,"gO":0,"bM":100,"aM":100}}],"offset":0,"name":"outerarm_lower","scale":1},{"frame":[{"duration":12,"displayIndex":0,"z":0,"tweenEasing":0,"color":{"bO":0,"rM":100,"rO":0,"aO":0,"gM":100,"gO":0,"bM":100,"aM":100}},{"duration":12,"displayIndex":0,"z":0,"tweenEasing":0,"color":{"bO":0,"rM":100,"rO":0,"aO":0,"gM":100,"gO":0,"bM":100,"aM":100}},{"duration":0,"displayIndex":0,"z":0,"tweenEasing":0,"color":{"bO":0,"rM":100,"rO":0,"aO":0,"gM":100,"gO":0,"bM":100,"aM":100}}],"offset":0,"name":"outerarm_hand","scale":1}],"playTimes":1,"duration":24,"frame":[],"name":"Walk","tweenEasing":0},{"bone":[{"frame":[{"duration":4,"transform":{"skX":-21.770171673879005,"y":-2.6575712633674016,"skY":-21.770171673879005,"scX":1,"scY":1,"x":0.10000000000000009},"tweenEasing":0},{"duration":1,"transform":{"skX":-14.82,"y":33.205428797497234,"skY":-14.82,"scX":1,"scY":1,"x":0.10000000000000007},"tweenEasing":0},{"duration":7,"transform":{"skX":-14.82,"y":13.850793844014731,"skY":-14.82,"scX":1,"scY":1,"x":0.10000000000000007},"tweenEasing":0},{"duration":4,"transform":{"skX":-21.770171673879005,"y":-2.6575712633674016,"skY":-21.770171673879005,"scX":1,"scY":1,"x":0.10000000000000009},"tweenEasing":0},{"duration":1,"transform":{"skX":-14.82,"y":33.205428797497234,"skY":-14.82,"scX":1,"scY":1,"x":0.10000000000000007},"tweenEasing":0},{"duration":7,"transform":{"skX":-14.82,"y":13.850793844014731,"skY":-14.82,"scX":1,"scY":1,"x":0.10000000000000007},"tweenEasing":0},{"duration":0,"transform":{"skX":-21.770171673879005,"y":-2.6575712633674016,"skY":-21.770171673879005,"scX":1,"scY":1,"x":0.10000000000000009},"tweenEasing":0}],"pY":0,"scale":1,"pX":0,"offset":0,"name":"lowerbody"},{"frame":[{"duration":4,"transform":{"skX":3.9573333333333593,"y":-0.45008127469666315,"skY":3.9573333333333593,"scX":1,"scY":1,"x":3.677435147140883},"tweenEasing":0},{"duration":8,"transform":{"skX":-1.0741594576743905,"y":-0.45008127469666315,"skY":-1.0741594576743905,"scX":1,"scY":1,"x":3.677435147140883},"tweenEasing":0},{"duration":4,"transform":{"skX":3.9573333333333593,"y":-0.45008127469666315,"skY":3.9573333333333593,"scX":1,"scY":1,"x":3.677435147140883},"tweenEasing":0},{"duration":8,"transform":{"skX":-1.0741594576743905,"y":-0.45008127469666315,"skY":-1.0741594576743905,"scX":1,"scY":1,"x":3.677435147140883},"tweenEasing":0},{"duration":0,"transform":{"skX":3.9573333333333593,"y":-0.45008127469666315,"skY":3.9573333333333593,"scX":1,"scY":1,"x":3.677435147140883},"tweenEasing":0}],"pY":0,"scale":1,"pX":0,"offset":0,"name":"upperbody"},{"frame":[{"duration":4,"transform":{"skX":89.6984054659968,"y":3.409004622117074,"skY":89.6984054659968,"scX":1,"scY":1,"x":4.7048592566735685},"tweenEasing":0},{"duration":2,"transform":{"skX":63.98164317042155,"y":2.2984787467466106,"skY":63.98164317042155,"scX":1,"scY":1,"x":3.0113448269231444},"tweenEasing":0},{"duration":6,"transform":{"skX":8.665588399065566,"y":0.20511495355956555,"skY":8.665588399065566,"scX":1,"scY":1,"x":-2.396811101600324},"tweenEasing":0},{"duration":4,"transform":{"skX":-1.0932745870111038,"y":-1.033098879364779,"skY":-1.0932745870111038,"scX":1,"scY":1,"x":-2.069198462328126},"tweenEasing":0},{"duration":2,"transform":{"skX":37.01142464334406,"y":-1.1607868369186605,"skY":37.01142464334406,"scX":1,"scY":1,"x":-0.0480713933055128},"tweenEasing":0},{"duration":6,"transform":{"skX":55.75604243965557,"y":0.3624769827599152,"skY":55.75604243965557,"scX":1,"scY":1,"x":1.5362388233541804},"tweenEasing":0},{"duration":0,"transform":{"skX":89.6984054659968,"y":3.409004622117074,"skY":89.6984054659968,"scX":1,"scY":1,"x":4.7048592566735685},"tweenEasing":0}],"pY":0,"scale":1,"pX":0,"offset":0,"name":"outerleg_upper"},{"frame":[{"duration":4,"transform":{"skX":-26.355886832400184,"y":-10.345456644393336,"skY":-26.355886832400184,"scX":1,"scY":1,"x":5.175144613754404},"tweenEasing":0},{"duration":2,"transform":{"skX":20.2974372638616,"y":-8.40774638505011,"skY":20.2974372638616,"scX":1,"scY":1,"x":6.302013590898956},"tweenEasing":0},{"duration":6,"transform":{"skX":41.112966097963,"y":-6.470036125706891,"skY":41.112966097963,"scX":1,"scY":1,"x":7.428882568043507},"tweenEasing":0},{"duration":4,"transform":{"skX":65.1604620477374,"y":-2.594615607020444,"skY":65.1604620477374,"scX":1,"scY":1,"x":9.682620522332613},"tweenEasing":0},{"duration":2,"transform":{"skX":37.38503359023827,"y":7.84981246287979,"skY":37.38503359023827,"scX":1,"scY":1,"x":5.279625152466118},"tweenEasing":0},{"duration":6,"transform":{"skX":-17.201392121278552,"y":1.7847227604554163,"skY":-17.201392121278552,"scX":1,"scY":1,"x":5.24479830622888},"tweenEasing":0},{"duration":0,"transform":{"skX":-26.355886832400184,"y":-10.345456644393336,"skY":-26.355886832400184,"scX":1,"scY":1,"x":5.175144613754404},"tweenEasing":0}],"pY":0,"scale":1,"pX":0,"offset":0,"name":"innerleg_upper"},{"frame":[{"duration":4,"transform":{"skX":-83.0332957536488,"y":-1.2053817450899371,"skY":-83.0332957536488,"scX":1.0000000000000004,"scY":1.0000000000000004,"x":-0.12321433573489826},"tweenEasing":0},{"duration":2,"transform":{"skX":-83.22408925030594,"y":-1.2053817450899371,"skY":-83.22408925030594,"scX":1.0000000000000004,"scY":1.0000000000000004,"x":-0.12321433573489826},"tweenEasing":0},{"duration":6,"transform":{"skX":-101.21423608642267,"y":-1.2053817450899371,"skY":-101.21423608642267,"scX":1.0000000000000004,"scY":1.0000000000000004,"x":-0.12321433573489826},"tweenEasing":0},{"duration":4,"transform":{"skX":7.787726277848426,"y":-1.2053817450899371,"skY":7.787726277848426,"scX":1.0000000000000004,"scY":1.0000000000000004,"x":-0.12321433573489826},"tweenEasing":0},{"duration":2,"transform":{"skX":-46.29576609296901,"y":-1.2053817450899371,"skY":-46.29576609296901,"scX":1.0000000000000004,"scY":1.0000000000000004,"x":-0.12321433573489826},"tweenEasing":0},{"duration":6,"transform":{"skX":-0.6772371509356946,"y":-1.2053817450899371,"skY":-0.6772371509356946,"scX":1.0000000000000004,"scY":1.0000000000000004,"x":-0.12321433573489826},"tweenEasing":0},{"duration":0,"transform":{"skX":-83.0332957536488,"y":-1.2053817450899371,"skY":-83.0332957536488,"scX":1.0000000000000004,"scY":1.0000000000000004,"x":-0.12321433573489826},"tweenEasing":0}],"pY":0,"scale":1,"pX":0,"offset":0,"name":"innerleg_lower"},{"frame":[{"duration":4,"transform":{"skX":13.56799999999997,"y":-1.7147942125280564,"skY":13.56799999999997,"scX":1.0000000000000002,"scY":1.0000000000000002,"x":-7.133577483693465},"tweenEasing":0},{"duration":8,"transform":{"skX":26.486724677536,"y":-1.7147942125280622,"skY":26.486724677536,"scX":1.0000000000000002,"scY":1.0000000000000002,"x":-7.133577483693472},"tweenEasing":0},{"duration":4,"transform":{"skX":13.56799999999997,"y":-1.7147942125280564,"skY":13.56799999999997,"scX":1.0000000000000002,"scY":1.0000000000000002,"x":-7.133577483693465},"tweenEasing":0},{"duration":8,"transform":{"skX":26.486724677536,"y":-1.7147942125280622,"skY":26.486724677536,"scX":1.0000000000000002,"scY":1.0000000000000002,"x":-7.133577483693472},"tweenEasing":0},{"duration":0,"transform":{"skX":13.56799999999997,"y":-1.7147942125280564,"skY":13.56799999999997,"scX":1.0000000000000002,"scY":1.0000000000000002,"x":-7.133577483693465},"tweenEasing":0}],"pY":0,"scale":1,"pX":0,"offset":0,"name":"head"},{"frame":[{"duration":4,"transform":{"skX":-11.595924732621151,"y":-2.45432666393242,"skY":-11.595924732621151,"scX":1.0000000000000002,"scY":1.0000000000000002,"x":2.2839120223017635},"tweenEasing":0},{"duration":2,"transform":{"skX":-58.4494255480066,"y":-2.45432666393242,"skY":-58.4494255480066,"scX":1.0000000000000002,"scY":1.0000000000000002,"x":2.2839120223017635},"tweenEasing":0},{"duration":6,"transform":{"skX":-21.53580767086837,"y":-2.45432666393242,"skY":-21.53580767086837,"scX":1.0000000000000002,"scY":1.0000000000000002,"x":2.2839120223017635},"tweenEasing":0},{"duration":4,"transform":{"skX":-95.68207323288144,"y":-2.45432666393242,"skY":-95.68207323288144,"scX":1.0000000000000002,"scY":1.0000000000000002,"x":2.2839120223017635},"tweenEasing":0},{"duration":2,"transform":{"skX":-103.443803077064,"y":-2.45432666393242,"skY":-103.443803077064,"scX":1.0000000000000002,"scY":1.0000000000000002,"x":2.2839120223017635},"tweenEasing":0},{"duration":6,"transform":{"skX":-111.89465086336212,"y":-2.45432666393242,"skY":-111.89465086336212,"scX":1.0000000000000002,"scY":1.0000000000000002,"x":2.2839120223017635},"tweenEasing":0},{"duration":0,"transform":{"skX":-11.595924732621151,"y":-2.45432666393242,"skY":-11.595924732621151,"scX":1.0000000000000002,"scY":1.0000000000000002,"x":2.2839120223017635},"tweenEasing":0}],"pY":0,"scale":1,"pX":0,"offset":0,"name":"outerleg_lower"},{"frame":[{"duration":12,"transform":{"skX":74.90999999999994,"y":-10.270877155924012,"skY":74.90999999999994,"scX":1.0000000000000002,"scY":1.0000000000000002,"x":-2.6120229742631516},"tweenEasing":0},{"duration":12,"transform":{"skX":-101.17368951225117,"y":38.79671858217219,"skY":-101.17368951225117,"scX":1.0000000000000002,"scY":1.0000000000000002,"x":13.470824458896274},"tweenEasing":0},{"duration":0,"transform":{"skX":74.90999999999994,"y":-10.270877155924012,"skY":74.90999999999994,"scX":1.0000000000000002,"scY":1.0000000000000002,"x":-2.6120229742631516},"tweenEasing":0}],"pY":0,"scale":1,"pX":0,"offset":0,"name":"innerarm_upper"},{"frame":[{"duration":12,"transform":{"skX":-64.66000000000007,"y":-12.977938678281724,"skY":-64.66000000000007,"scX":1.0000000000000002,"scY":1.0000000000000002,"x":-20.378415789220497},"tweenEasing":0},{"duration":12,"transform":{"skX":100.55958392641035,"y":-29.29580434396123,"skY":100.55958392641035,"scX":1.0000000000000002,"scY":1.0000000000000002,"x":-20.517095045252546},"tweenEasing":0},{"duration":0,"transform":{"skX":-64.66000000000007,"y":-12.977938678281724,"skY":-64.66000000000007,"scX":1.0000000000000002,"scY":1.0000000000000002,"x":-20.378415789220497},"tweenEasing":0}],"pY":0,"scale":1,"pX":0,"offset":0,"name":"outerarm_upper"},{"frame":[{"duration":12,"transform":{"skX":1.543506615488209,"y":3.183396233905654,"skY":1.543506615488209,"scX":1,"scY":1,"x":0.3447213264756215},"tweenEasing":0},{"duration":3,"transform":{"skX":1.543506615488209,"y":3.183396233905654,"skY":1.543506615488209,"scX":1,"scY":1,"x":0.3447213264756215},"tweenEasing":0},{"duration":1,"transform":{"skX":5.455683581150399,"y":3.183396233905654,"skY":5.455683581150399,"scX":1,"scY":1,"x":0.3447213264756215},"tweenEasing":0},{"duration":8,"transform":{"skX":22.175887819914436,"y":3.183396233905654,"skY":22.175887819914436,"scX":1,"scY":1,"x":0.3447213264756215},"tweenEasing":0},{"duration":0,"transform":{"skX":1.543506615488209,"y":3.183396233905654,"skY":1.543506615488209,"scX":1,"scY":1,"x":0.3447213264756215},"tweenEasing":0}],"pY":0,"scale":1,"pX":0,"offset":0,"name":"innerleg_foot"},{"frame":[{"duration":12,"transform":{"skX":76.03000000000002,"y":8.8095349413814,"skY":76.03000000000002,"scX":1.0000000000000002,"scY":1.0000000000000002,"x":1.2962184573279671},"tweenEasing":0},{"duration":12,"transform":{"skX":55.90344944808452,"y":8.8095349413814,"skY":55.90344944808452,"scX":1.0000000000000002,"scY":1.0000000000000002,"x":1.2962184573279671},"tweenEasing":0},{"duration":0,"transform":{"skX":76.03000000000002,"y":8.8095349413814,"skY":76.03000000000002,"scX":1.0000000000000002,"scY":1.0000000000000002,"x":1.2962184573279671},"tweenEasing":0}],"pY":0,"scale":1,"pX":0,"offset":0,"name":"innerarm_lower"},{"frame":[{"duration":3,"transform":{"skX":-2.5218187738669844,"y":2.13718680089454,"skY":-2.5218187738669844,"scX":1,"scY":1,"x":-5.094237914507817},"tweenEasing":0},{"duration":1,"transform":{"skX":-3.871467540846638,"y":2.13718680089454,"skY":-3.871467540846638,"scX":1,"scY":1,"x":-5.094237914507829},"tweenEasing":0},{"duration":2,"transform":{"skX":8.043496881883206,"y":2.13718680089454,"skY":8.043496881883206,"scX":1,"scY":1,"x":-5.094237914507817},"tweenEasing":0},{"duration":6,"transform":{"skX":17.85272390602904,"y":2.13718680089454,"skY":17.85272390602904,"scX":1,"scY":1,"x":-5.094237914507817},"tweenEasing":0},{"duration":12,"transform":{"skX":-2.5218187738669844,"y":2.13718680089454,"skY":-2.5218187738669844,"scX":1,"scY":1,"x":-5.094237914507817},"tweenEasing":0},{"duration":0,"transform":{"skX":-2.5218187738669844,"y":2.13718680089454,"skY":-2.5218187738669844,"scX":1,"scY":1,"x":-5.094237914507817},"tweenEasing":0}],"pY":0,"scale":1,"pX":0,"offset":0,"name":"outerleg_foot"},{"frame":[{"duration":12,"transform":{"skX":54.60000000000001,"y":6.408862944549952,"skY":54.60000000000001,"scX":1,"scY":1,"x":-2.954076121410992},"tweenEasing":0},{"duration":12,"transform":{"skX":71.01916318865662,"y":6.408862944549952,"skY":71.01916318865662,"scX":1,"scY":1,"x":-2.954076121410992},"tweenEasing":0},{"duration":0,"transform":{"skX":54.60000000000001,"y":6.408862944549952,"skY":54.60000000000001,"scX":1,"scY":1,"x":-2.954076121410992},"tweenEasing":0}],"pY":0,"scale":1,"pX":0,"offset":0,"name":"outerarm_lower"},{"frame":[{"duration":12,"transform":{"skX":29.87999999999992,"y":0.22466205526252736,"skY":29.87999999999992,"scX":1,"scY":1,"x":-2.9434020947585715},"tweenEasing":0},{"duration":12,"transform":{"skX":-29.517815679692266,"y":0.22466205526252736,"skY":-29.517815679692266,"scX":1,"scY":1,"x":-2.9434020947585715},"tweenEasing":0},{"duration":0,"transform":{"skX":29.87999999999992,"y":0.22466205526252736,"skY":29.87999999999992,"scX":1,"scY":1,"x":-2.9434020947585715},"tweenEasing":0}],"pY":0,"scale":1,"pX":0,"offset":0,"name":"innerarm_hand"},{"frame":[{"duration":12,"transform":{"skX":-45.13000000000001,"y":-4.082195154231954,"skY":-45.13000000000001,"scX":1,"scY":1,"x":-0.5208346509078865},"tweenEasing":0},{"duration":12,"transform":{"skX":26.86273869849267,"y":-4.082195154231954,"skY":26.86273869849267,"scX":1,"scY":1,"x":-0.5208346509078865},"tweenEasing":0},{"duration":0,"transform":{"skX":-45.13000000000001,"y":-4.082195154231954,"skY":-45.13000000000001,"scX":1,"scY":1,"x":-0.5208346509078865},"tweenEasing":0}],"pY":0,"scale":1,"pX":0,"offset":0,"name":"outerarm_hand"}],"disableTween":0,"slot":[{"frame":[{"duration":12,"displayIndex":0,"z":0,"tweenEasing":0,"color":{"bO":0,"rM":100,"rO":0,"aO":0,"gM":100,"gO":0,"bM":100,"aM":100}},{"duration":12,"displayIndex":0,"z":0,"tweenEasing":0,"color":{"bO":0,"rM":100,"rO":0,"aO":0,"gM":100,"gO":0,"bM":100,"aM":100}},{"duration":0,"displayIndex":0,"z":0,"tweenEasing":0,"color":{"bO":0,"rM":100,"rO":0,"aO":0,"gM":100,"gO":0,"bM":100,"aM":100}}],"offset":0,"name":"innerarm_upper","scale":1},{"frame":[{"duration":12,"displayIndex":0,"z":0,"tweenEasing":0,"color":{"bO":0,"rM":100,"rO":0,"aO":0,"gM":100,"gO":0,"bM":100,"aM":100}},{"duration":12,"displayIndex":0,"z":0,"tweenEasing":0,"color":{"bO":0,"rM":100,"rO":0,"aO":0,"gM":100,"gO":0,"bM":100,"aM":100}},{"duration":0,"displayIndex":0,"z":0,"tweenEasing":0,"color":{"bO":0,"rM":100,"rO":0,"aO":0,"gM":100,"gO":0,"bM":100,"aM":100}}],"offset":0,"name":"innerarm_lower","scale":1},{"frame":[{"duration":12,"displayIndex":0,"z":0,"tweenEasing":0,"color":{"bO":0,"rM":100,"rO":0,"aO":0,"gM":100,"gO":0,"bM":100,"aM":100}},{"duration":12,"displayIndex":0,"z":0,"tweenEasing":0,"color":{"bO":0,"rM":100,"rO":0,"aO":0,"gM":100,"gO":0,"bM":100,"aM":100}},{"duration":0,"displayIndex":0,"z":0,"tweenEasing":0,"color":{"bO":0,"rM":100,"rO":0,"aO":0,"gM":100,"gO":0,"bM":100,"aM":100}}],"offset":0,"name":"innerarm_hand","scale":1},{"frame":[{"duration":12,"displayIndex":0,"z":0,"tweenEasing":0,"color":{"bO":0,"rM":100,"rO":0,"aO":0,"gM":100,"gO":0,"bM":100,"aM":100}},{"duration":12,"displayIndex":0,"z":0,"tweenEasing":0,"color":{"bO":0,"rM":100,"rO":0,"aO":0,"gM":100,"gO":0,"bM":100,"aM":100}},{"duration":0,"displayIndex":0,"z":0,"tweenEasing":0,"color":{"bO":0,"rM":100,"rO":0,"aO":0,"gM":100,"gO":0,"bM":100,"aM":100}}],"offset":0,"name":"innerleg_upper","scale":1},{"frame":[{"duration":12,"displayIndex":0,"z":0,"tweenEasing":0,"color":{"bO":0,"rM":100,"rO":0,"aO":0,"gM":100,"gO":0,"bM":100,"aM":100}},{"duration":12,"displayIndex":0,"z":0,"tweenEasing":0,"color":{"bO":0,"rM":100,"rO":0,"aO":0,"gM":100,"gO":0,"bM":100,"aM":100}},{"duration":0,"displayIndex":0,"z":0,"tweenEasing":0,"color":{"bO":0,"rM":100,"rO":0,"aO":0,"gM":100,"gO":0,"bM":100,"aM":100}}],"offset":0,"name":"innerleg_lower","scale":1},{"frame":[{"duration":12,"displayIndex":0,"z":0,"tweenEasing":0,"color":{"bO":0,"rM":100,"rO":0,"aO":0,"gM":100,"gO":0,"bM":100,"aM":100}},{"duration":12,"displayIndex":0,"z":0,"tweenEasing":0,"color":{"bO":0,"rM":100,"rO":0,"aO":0,"gM":100,"gO":0,"bM":100,"aM":100}},{"duration":0,"displayIndex":0,"z":0,"tweenEasing":0,"color":{"bO":0,"rM":100,"rO":0,"aO":0,"gM":100,"gO":0,"bM":100,"aM":100}}],"offset":0,"name":"innerleg_foot","scale":1},{"frame":[{"duration":12,"displayIndex":0,"z":0,"tweenEasing":0,"color":{"bO":0,"rM":100,"rO":0,"aO":0,"gM":100,"gO":0,"bM":100,"aM":100}},{"duration":12,"displayIndex":0,"z":0,"tweenEasing":0,"color":{"bO":0,"rM":100,"rO":0,"aO":0,"gM":100,"gO":0,"bM":100,"aM":100}},{"duration":0,"displayIndex":0,"z":0,"tweenEasing":0,"color":{"bO":0,"rM":100,"rO":0,"aO":0,"gM":100,"gO":0,"bM":100,"aM":100}}],"offset":0,"name":"head","scale":1},{"frame":[{"duration":12,"displayIndex":0,"z":0,"tweenEasing":0,"color":{"bO":0,"rM":100,"rO":0,"aO":0,"gM":100,"gO":0,"bM":100,"aM":100}},{"duration":12,"displayIndex":0,"z":0,"tweenEasing":0,"color":{"bO":0,"rM":100,"rO":0,"aO":0,"gM":100,"gO":0,"bM":100,"aM":100}},{"duration":0,"displayIndex":0,"z":0,"tweenEasing":0,"color":{"bO":0,"rM":100,"rO":0,"aO":0,"gM":100,"gO":0,"bM":100,"aM":100}}],"offset":0,"name":"upperbody","scale":1},{"frame":[{"duration":12,"displayIndex":0,"z":0,"tweenEasing":0,"color":{"bO":0,"rM":100,"rO":0,"aO":0,"gM":100,"gO":0,"bM":100,"aM":100}},{"duration":12,"displayIndex":0,"z":0,"tweenEasing":0,"color":{"bO":0,"rM":100,"rO":0,"aO":0,"gM":100,"gO":0,"bM":100,"aM":100}},{"duration":0,"displayIndex":0,"z":0,"tweenEasing":0,"color":{"bO":0,"rM":100,"rO":0,"aO":0,"gM":100,"gO":0,"bM":100,"aM":100}}],"offset":0,"name":"lowerbody","scale":1},{"frame":[{"duration":12,"displayIndex":0,"z":0,"tweenEasing":0,"color":{"bO":0,"rM":100,"rO":0,"aO":0,"gM":100,"gO":0,"bM":100,"aM":100}},{"duration":12,"displayIndex":0,"z":0,"tweenEasing":0,"color":{"bO":0,"rM":100,"rO":0,"aO":0,"gM":100,"gO":0,"bM":100,"aM":100}},{"duration":0,"displayIndex":0,"z":0,"tweenEasing":0,"color":{"bO":0,"rM":100,"rO":0,"aO":0,"gM":100,"gO":0,"bM":100,"aM":100}}],"offset":0,"name":"outerleg_upper","scale":1},{"frame":[{"duration":12,"displayIndex":0,"z":0,"tweenEasing":0,"color":{"bO":0,"rM":100,"rO":0,"aO":0,"gM":100,"gO":0,"bM":100,"aM":100}},{"duration":12,"displayIndex":0,"z":0,"tweenEasing":0,"color":{"bO":0,"rM":100,"rO":0,"aO":0,"gM":100,"gO":0,"bM":100,"aM":100}},{"duration":0,"displayIndex":0,"z":0,"tweenEasing":0,"color":{"bO":0,"rM":100,"rO":0,"aO":0,"gM":100,"gO":0,"bM":100,"aM":100}}],"offset":0,"name":"outerleg_lower","scale":1},{"frame":[{"duration":12,"displayIndex":0,"z":0,"tweenEasing":0,"color":{"bO":0,"rM":100,"rO":0,"aO":0,"gM":100,"gO":0,"bM":100,"aM":100}},{"duration":12,"displayIndex":0,"z":0,"tweenEasing":0,"color":{"bO":0,"rM":100,"rO":0,"aO":0,"gM":100,"gO":0,"bM":100,"aM":100}},{"duration":0,"displayIndex":0,"z":0,"tweenEasing":0,"color":{"bO":0,"rM":100,"rO":0,"aO":0,"gM":100,"gO":0,"bM":100,"aM":100}}],"offset":0,"name":"outerleg_foot","scale":1},{"frame":[{"duration":12,"displayIndex":0,"z":0,"tweenEasing":0,"color":{"bO":0,"rM":100,"rO":0,"aO":0,"gM":100,"gO":0,"bM":100,"aM":100}},{"duration":12,"displayIndex":0,"z":0,"tweenEasing":0,"color":{"bO":0,"rM":100,"rO":0,"aO":0,"gM":100,"gO":0,"bM":100,"aM":100}},{"duration":0,"displayIndex":0,"z":0,"tweenEasing":0,"color":{"bO":0,"rM":100,"rO":0,"aO":0,"gM":100,"gO":0,"bM":100,"aM":100}}],"offset":0,"name":"outerarm_upper","scale":1},{"frame":[{"duration":12,"displayIndex":0,"z":0,"tweenEasing":0,"color":{"bO":0,"rM":100,"rO":0,"aO":0,"gM":100,"gO":0,"bM":100,"aM":100}},{"duration":12,"displayIndex":0,"z":0,"tweenEasing":0,"color":{"bO":0,"rM":100,"rO":0,"aO":0,"gM":100,"gO":0,"bM":100,"aM":100}},{"duration":0,"displayIndex":0,"z":0,"tweenEasing":0,"color":{"bO":0,"rM":100,"rO":0,"aO":0,"gM":100,"gO":0,"bM":100,"aM":100}}],"offset":0,"name":"outerarm_lower","scale":1},{"frame":[{"duration":12,"displayIndex":0,"z":0,"tweenEasing":0,"color":{"bO":0,"rM":100,"rO":0,"aO":0,"gM":100,"gO":0,"bM":100,"aM":100}},{"duration":12,"displayIndex":0,"z":0,"tweenEasing":0,"color":{"bO":0,"rM":100,"rO":0,"aO":0,"gM":100,"gO":0,"bM":100,"aM":100}},{"duration":0,"displayIndex":0,"z":0,"tweenEasing":0,"color":{"bO":0,"rM":100,"rO":0,"aO":0,"gM":100,"gO":0,"bM":100,"aM":100}}],"offset":0,"name":"outerarm_hand","scale":1}],"playTimes":1,"duration":24,"frame":[],"name":"Run","tweenEasing":0}],"skin":[{"name":"","slot":[{"z":0,"display":[{"type":"image","name":"robotFolder/arm_hand","transform":{"skX":-109.0375,"y":-2.7245,"skY":-109.0375,"x":27.5163}}],"name":"outerarm_hand","parent":"outerarm_hand"},{"z":0,"display":[{"type":"image","name":"robotFolder/lowerbody","transform":{"y":13.05,"x":-1.65}}],"name":"lowerbody","parent":"lowerbody"},{"z":0,"display":[{"type":"image","name":"robotFolder/leg_foot","transform":{"skX":-142.5475,"y":-4.3504,"skY":-142.5475,"x":22.6054}}],"name":"outerleg_foot","parent":"outerleg_foot"},{"z":0,"display":[{"type":"image","name":"robotFolder/leg_lower","transform":{"skX":-86.1892,"y":-0.7231,"skY":-86.1892,"x":82.4303}}],"name":"innerleg_lower","parent":"innerleg_lower"},{"z":0,"display":[{"type":"image","name":"robotFolder/leg_upper","transform":{"skX":-90.6823,"y":0.0711,"skY":-90.6823,"x":69.6058}}],"name":"innerleg_upper","parent":"innerleg_upper"},{"z":0,"display":[{"type":"image","name":"robotFolder/arm_upper","transform":{"skX":-71.4582,"y":6.0031,"skY":-71.4582,"x":31.1057}}],"name":"innerarm_upper","parent":"innerarm_upper"},{"z":0,"display":[{"type":"image","name":"robotFolder/arm_lower","transform":{"skX":-95.3739,"y":-2.7044,"skY":-95.3739,"x":51.1716}}],"name":"outerarm_lower","parent":"outerarm_lower"},{"z":0,"display":[{"type":"image","name":"robotFolder/arm_upper","transform":{"skX":-71.2665,"y":6.1071,"skY":-71.2665,"x":31.0854}}],"name":"outerarm_upper","parent":"outerarm_upper"},{"z":0,"display":[{"type":"image","name":"robotFolder/arm_lower","transform":{"skX":-94.9892,"y":-2.3607,"skY":-94.9892,"x":51.1886}}],"name":"innerarm_lower","parent":"innerarm_lower"},{"z":0,"display":[{"type":"image","name":"robotFolder/upperbody","transform":{"skX":77.6592,"y":-12.2789,"skY":77.6592,"x":69.8116}}],"name":"upperbody","parent":"upperbody"},{"z":0,"display":[{"type":"image","name":"robotFolder/arm_hand","transform":{"skX":-109.026,"y":-2.719,"skY":-109.026,"x":27.5169}}],"name":"innerarm_hand","parent":"innerarm_hand"},{"z":0,"display":[{"type":"image","name":"robotFolder/leg_upper","transform":{"skX":-89.409,"y":1.6179,"skY":-89.409,"x":69.587}}],"name":"outerleg_upper","parent":"outerleg_upper"},{"z":0,"display":[{"type":"image","name":"robotFolder/leg_foot","transform":{"skX":-145.1248,"y":-5.3625,"skY":-145.1248,"x":22.3869}}],"name":"innerleg_foot","parent":"innerleg_foot"},{"z":0,"display":[{"type":"image","name":"robotFolder/head","transform":{"skX":106.3396,"y":-11.3517,"skY":106.3396,"x":55.1198}}],"name":"head","parent":"head"},{"z":0,"display":[{"type":"image","name":"robotFolder/leg_lower","transform":{"skX":-85.309,"y":0.5433,"skY":-85.309,"x":82.4317}}],"name":"outerleg_lower","parent":"outerleg_lower"}]}],"name":"robot","bone":[{"name":"lowerbody","transform":{"y":-17.25,"x":0.25}},{"transform":{"skX":-84.7092,"y":-13.9,"skY":-84.7092,"x":-10.7},"length":170,"name":"upperbody","parent":"lowerbody"},{"transform":{"skX":81.109,"y":45.35,"skY":81.109,"x":8.35},"length":150,"name":"outerleg_upper","parent":"lowerbody"},{"transform":{"skX":102.9523,"y":55.25,"skY":102.9523,"scX":0.96,"scY":0.96,"x":-1.65},"length":150,"name":"innerleg_upper","parent":"lowerbody"},{"transform":{"skX":-13.2332,"y":-0.1532,"skY":-13.2332,"x":152.1707},"length":180,"name":"innerleg_lower","parent":"innerleg_upper"},{"transform":{"skX":-21.6304,"y":-1.5464,"skY":-21.6304,"x":165.8138},"length":100,"name":"head","parent":"upperbody"},{"transform":{"skX":1.94,"y":0.1975,"skY":1.94,"x":153.3116},"length":180,"name":"outerleg_lower","parent":"outerleg_upper"},{"transform":{"skX":-166.1725,"y":-36.4244,"skY":-166.1725,"scX":0.97,"scY":0.97,"x":119.5004},"length":100,"name":"innerarm_upper","parent":"upperbody"},{"transform":{"skX":155.9757,"y":29.9857,"skY":155.9757,"x":150.6568},"length":100,"name":"outerarm_upper","parent":"upperbody"},{"transform":{"skX":24.1074,"y":-0.7574,"skY":24.1074,"x":97.4034},"length":120,"name":"outerarm_lower","parent":"outerarm_upper"},{"transform":{"skX":29.9901,"y":0.6441,"skY":29.9901,"x":96.3499},"length":120,"name":"innerarm_lower","parent":"innerarm_upper"},{"transform":{"skX":60.0385,"y":-0.6816,"skY":60.0385,"x":179.5018},"length":50,"name":"outerleg_foot","parent":"outerleg_lower"},{"transform":{"skX":55.4056,"y":0.2409,"skY":55.4056,"x":176.6676},"length":50,"name":"innerleg_foot","parent":"innerleg_lower"},{"transform":{"skX":-1.0232,"y":0.4166,"skY":-1.0232,"x":116.7025},"length":50,"name":"innerarm_hand","parent":"innerarm_lower"},{"transform":{"skX":13.6636,"y":0.5213,"skY":13.6636,"x":122.5876},"length":50,"name":"outerarm_hand","parent":"outerarm_lower"}]}]}