{"imagePath":"texture.png","SubTexture":[{"width":38,"y":0,"height":138,"name":"robotFolder/arm_lower","x":443},{"width":74,"y":0,"height":182,"name":"robotFolder/leg_upper","x":192},{"width":98,"y":0,"height":118,"name":"robotFolder/head","x":267},{"width":70,"y":0,"height":206,"name":"robotFolder/leg_lower","x":121},{"width":82,"y":129,"height":44,"name":"robotFolder/leg_foot","x":356},{"width":120,"y":0,"height":198,"name":"robotFolder/upperbody","x":0},{"width":88,"y":119,"height":106,"name":"robotFolder/lowerbody","x":267},{"width":76,"y":0,"height":128,"name":"robotFolder/arm_upper","x":366},{"width":36,"y":139,"height":76,"name":"robotFolder/arm_hand","x":439}],"name":"Robot"}