{"armature":[{"animation":[{"tweenEasing":2,"name":"stop","autoTween":1,"timeline":[{"name":"innerarm_upper","frame":[{"duration":1,"z":0,"transform":{"skY":37.66,"x":-17.15,"scX":0.97,"y":-76.75,"pX":0,"scY":0.97,"skX":37.66,"pY":0}},{"duration":1,"z":0,"transform":{"skY":32.37,"x":-20.25,"scX":0.97,"y":-72.05,"pX":0,"scY":0.97,"skX":32.37,"pY":0}}],"offset":0.95,"scale":1},{"name":"innerarm_lower","frame":[{"duration":1,"z":1,"transform":{"skY":32.81,"x":-32.75,"scX":0.97,"y":-32.7,"pX":0,"scY":0.97,"skX":32.81,"pY":0}},{"duration":1,"z":1,"transform":{"skY":23.03,"x":-31.7,"scX":0.97,"y":-26.75,"pX":0,"scY":0.97,"skX":23.03,"pY":0}}],"offset":0,"scale":1},{"name":"innerarm_hand","frame":[{"duration":1,"z":2,"transform":{"skY":17.75,"x":-67.6,"scX":0.97,"y":11.9,"pX":0,"scY":0.97,"skX":17.75,"pY":0}},{"duration":1,"z":2,"transform":{"skY":7.97,"x":-58.45,"scX":0.97,"y":23.15,"pX":0,"scY":0.97,"skX":7.97,"pY":0}}],"offset":0,"scale":1},{"name":"innerleg_upper","frame":[{"duration":1,"z":3,"transform":{"skY":12.27,"x":0,"scX":0.96,"y":19,"pX":0,"scY":0.96,"skX":12.27,"pY":0}},{"duration":1,"z":3,"transform":{"skY":16.02,"x":0,"scX":0.96,"y":19,"pX":0,"scY":0.96,"skX":16.02,"pY":0}}],"offset":0,"scale":1},{"name":"innerleg_lower","frame":[{"duration":1,"z":4,"transform":{"skY":3.53,"x":-16.3,"scX":0.96,"y":90.2,"pX":0,"scY":0.96,"skX":3.53,"pY":0}},{"duration":1,"z":4,"transform":{"skY":0.54,"x":-21.3,"scX":0.96,"y":89.2,"pX":0,"scY":0.96,"skX":0.54,"pY":0}}],"offset":0,"scale":1},{"name":"innerleg_foot","frame":[{"duration":1,"z":5,"transform":{"skY":0,"x":-16,"scX":0.96,"y":175,"pX":0,"scY":0.96,"skX":0,"pY":0}},{"duration":1,"z":5,"transform":{"skY":0,"x":-16,"scX":0.96,"y":175,"pX":0,"scY":0.96,"skX":0,"pY":0}}],"offset":0,"scale":1},{"name":"head","frame":[{"duration":1,"z":6,"transform":{"skY":0,"x":2.35,"scX":1,"y":-98.2,"pX":0,"scY":1,"skX":0,"pY":0}},{"duration":1,"z":6,"transform":{"skY":0,"x":-3.65,"scX":1,"y":-94.2,"pX":0,"scY":1,"skX":0,"pY":0}}],"offset":0.9,"scale":1},{"name":"upperbody","frame":[{"duration":1,"z":7,"transform":{"skY":-7.05,"x":0,"scX":1,"y":-10.05,"pX":0,"scY":1,"skX":-7.05,"pY":0}},{"duration":1,"z":7,"transform":{"skY":-10.06,"x":0,"scX":1,"y":-7,"pX":0,"scY":1,"skX":-10.06,"pY":0}}],"offset":0,"scale":1},{"name":"lowerbody","frame":[{"duration":1,"z":8,"transform":{"skY":0,"x":0.35,"scX":1,"y":-10.2,"pX":0,"scY":1,"skX":0,"pY":0}},{"duration":1,"z":8,"transform":{"skY":0,"x":0.35,"scX":1,"y":-8.2,"pX":0,"scY":1,"skX":0,"pY":0}}],"offset":0,"scale":1},{"name":"outerleg_upper","frame":[{"duration":1,"z":9,"transform":{"skY":-8.3,"x":5,"scX":1,"y":14.05,"pX":0,"scY":1,"skX":-8.3,"pY":0}},{"duration":1,"z":9,"transform":{"skY":-5.05,"x":5,"scX":1,"y":14.1,"pX":0,"scY":1,"skX":-5.05,"pY":0}}],"offset":0,"scale":1},{"name":"outerleg_lower","frame":[{"duration":1,"z":10,"transform":{"skY":-2.26,"x":16.75,"scX":1,"y":89.8,"pX":0,"scY":1,"skX":-2.26,"pY":0}},{"duration":1,"z":10,"transform":{"skY":-5.76,"x":11.7,"scX":1,"y":90.8,"pX":0,"scY":1,"skX":-5.76,"pY":0}}],"offset":0,"scale":1},{"name":"outerleg_foot","frame":[{"duration":1,"z":11,"transform":{"skY":0.54,"x":27.95,"scX":1,"y":178.85,"pX":0,"scY":1,"skX":0.54,"pY":0}},{"duration":1,"z":11,"transform":{"skY":0.54,"x":27.95,"scX":1,"y":178.85,"pX":0,"scY":1,"skX":0.54,"pY":0}}],"offset":0,"scale":1},{"name":"outerarm_upper","frame":[{"duration":1,"z":12,"transform":{"skY":0,"x":17.35,"scX":1,"y":-89.2,"pX":0,"scY":1,"skX":0,"pY":0}},{"duration":1,"z":12,"transform":{"skY":0,"x":11.35,"scX":1,"y":-85.2,"pX":0,"scY":1,"skX":0,"pY":0}}],"offset":0.95,"scale":1},{"name":"outerarm_lower","frame":[{"duration":1,"z":13,"transform":{"skY":0,"x":33.35,"scX":1,"y":-43.2,"pX":0,"scY":1,"skX":0,"pY":0}},{"duration":1,"z":13,"transform":{"skY":6.51,"x":27.35,"scX":1,"y":-39.2,"pX":0,"scY":1,"skX":6.51,"pY":0}}],"offset":0,"scale":1},{"name":"outerarm_hand","frame":[{"duration":1,"z":14,"transform":{"skY":0,"x":27.35,"scX":1,"y":17.8,"pX":0,"scY":1,"skX":0,"pY":0}},{"duration":1,"z":14,"transform":{"skY":-14.82,"x":14.35,"scX":1,"y":18.85,"pX":0,"scY":1,"skX":-14.82,"pY":0}}],"offset":0,"scale":1}],"loop":0,"duration":2,"fadeInTime":0.2,"scale":20},{"tweenEasing":2,"name":"run","autoTween":1,"timeline":[{"name":"innerarm_upper","frame":[{"duration":1,"z":0,"transform":{"skY":39.13,"x":-10.15,"scX":0.97,"y":-72.05,"pX":0,"scY":0.97,"skX":39.13,"pY":0}},{"duration":1,"z":0,"transform":{"skY":-20.78,"x":7.85,"scX":0.97,"y":-92.05,"pX":0,"scY":0.97,"skX":-20.78,"pY":0}}],"offset":0,"scale":1},{"name":"innerarm_lower","frame":[{"duration":1,"z":1,"transform":{"skY":54.18,"x":-27,"scX":0.97,"y":-26.8,"pX":0,"scY":0.97,"skX":54.18,"pY":0}},{"duration":1,"z":1,"transform":{"skY":-35.82,"x":37.35,"scX":0.97,"y":-56.7,"pX":0,"scY":0.97,"skX":-35.82,"pY":0}}],"offset":0,"scale":1},{"name":"innerarm_hand","frame":[{"duration":1,"z":2,"transform":{"skY":69.22,"x":-77.9,"scX":0.97,"y":1.45,"pX":0,"scY":0.97,"skX":69.22,"pY":0}},{"duration":1,"z":2,"transform":{"skY":-65.91,"x":65.55,"scX":0.97,"y":-5.75,"pX":0,"scY":0.97,"skX":-65.91,"pY":0}}],"offset":0,"scale":1},{"name":"innerleg_upper","frame":[{"duration":1,"z":3,"transform":{"skY":-15.01,"x":12,"scX":0.96,"y":15,"pX":0,"scY":0.96,"skX":-15.01,"pY":0}},{"duration":1,"z":3,"transform":{"skY":39.89,"x":-3.6,"scX":0.96,"y":6.45,"pX":0,"scY":0.96,"skX":39.89,"pY":0}}],"offset":0,"scale":1},{"name":"innerleg_lower","frame":[{"duration":1,"z":4,"transform":{"skY":-69.98,"x":31.2,"scX":0.96,"y":85.75,"pX":0,"scY":0.96,"skX":-69.98,"pY":0}},{"duration":1,"z":4,"transform":{"skY":40.08,"x":-49.3,"scX":0.96,"y":61.2,"pX":0,"scY":0.96,"skX":40.08,"pY":0}}],"offset":0.7,"scale":1},{"name":"innerleg_foot","frame":[{"duration":1,"z":5,"transform":{"skY":-30.05,"x":113.55,"scX":0.96,"y":109.15,"pX":0,"scY":0.96,"skX":-30.05,"pY":0}},{"duration":1,"z":5,"transform":{"skY":0,"x":-99.45,"scX":0.96,"y":131.1,"pX":0,"scY":0.96,"skX":0,"pY":0}}],"offset":0.5,"scale":1},{"name":"head","frame":[{"duration":1,"z":6,"transform":{"skY":0,"x":-5.65,"scX":1,"y":-97.2,"pX":0,"scY":1,"skX":0,"pY":0}},{"duration":1,"z":6,"transform":{"skY":-14.82,"x":-5.65,"scX":1,"y":-112.2,"pX":0,"scY":1,"skX":-14.82,"pY":0}}],"offset":0,"scale":0.5},{"name":"upperbody","frame":[{"duration":1,"z":7,"transform":{"skY":-7.05,"x":0,"scX":1,"y":-10.05,"pX":0,"scY":1,"skX":-7.05,"pY":0}},{"duration":1,"z":7,"transform":{"skY":-7.05,"x":0.05,"scX":1,"y":-25,"pX":0,"scY":1,"skX":-7.05,"pY":0}}],"offset":0.5,"scale":0.5},{"name":"lowerbody","frame":[{"duration":1,"z":8,"transform":{"skY":0,"x":0.35,"scX":1,"y":-10.2,"pX":0,"scY":1,"skX":0,"pY":0}},{"duration":1,"z":8,"transform":{"skY":0,"x":0.35,"scX":1,"y":-20.2,"pX":0,"scY":1,"skX":0,"pY":0}}],"offset":0.75,"scale":0.5},{"name":"outerleg_upper","frame":[{"duration":1,"z":9,"transform":{"skY":40.08,"x":-1,"scX":1,"y":14.1,"pX":0,"scY":1,"skX":40.08,"pY":0}},{"duration":1,"z":9,"transform":{"skY":-14.82,"x":11.5,"scX":1,"y":1.45,"pX":0,"scY":1,"skX":-14.82,"pY":0}}],"offset":0,"scale":1},{"name":"outerleg_lower","frame":[{"duration":1,"z":10,"transform":{"skY":39.89,"x":-50.35,"scX":1,"y":70.85,"pX":0,"scY":1,"skX":39.89,"pY":0}},{"duration":1,"z":10,"transform":{"skY":-69.98,"x":31.7,"scX":1,"y":74.9,"pX":0,"scY":1,"skX":-69.98,"pY":0}}],"offset":0.7,"scale":1},{"name":"outerleg_foot","frame":[{"duration":1,"z":11,"transform":{"skY":0,"x":-103,"scX":1,"y":143,"pX":0,"scY":1,"skX":0,"pY":0}},{"duration":1,"z":11,"transform":{"skY":-30.05,"x":116,"scX":1,"y":100,"pX":0,"scY":1,"skX":-30.05,"pY":0}}],"offset":0.5,"scale":1},{"name":"outerarm_upper","frame":[{"duration":1,"z":12,"transform":{"skY":-14.82,"x":17.35,"scX":1,"y":-89.25,"pX":0,"scY":1,"skX":-14.82,"pY":0}},{"duration":1,"z":12,"transform":{"skY":37.62,"x":7.35,"scX":1,"y":-104.15,"pX":0,"scY":1,"skX":37.62,"pY":0}}],"offset":0,"scale":1},{"name":"outerarm_lower","frame":[{"duration":1,"z":13,"transform":{"skY":-34.61,"x":46.4,"scX":1,"y":-48.2,"pX":0,"scY":1,"skX":-34.61,"pY":0}},{"duration":1,"z":13,"transform":{"skY":37.62,"x":-8.15,"scX":1,"y":-58.05,"pX":0,"scY":1,"skX":37.62,"pY":0}}],"offset":0,"scale":1},{"name":"outerarm_hand","frame":[{"duration":1,"z":14,"transform":{"skY":-64.7,"x":76.2,"scX":1,"y":5.4,"pX":0,"scY":1,"skX":-64.7,"pY":0}},{"duration":1,"z":14,"transform":{"skY":52.67,"x":-50.15,"scX":1,"y":-13.45,"pX":0,"scY":1,"skX":52.67,"pY":0}}],"offset":0,"scale":1}],"loop":0,"duration":2,"fadeInTime":0.2,"scale":20},{"tweenEasing":2,"name":"run2","autoTween":1,"timeline":[{"name":"innerarm_upper","frame":[{"duration":1,"z":0,"transform":{"skY":103.06,"x":-28.7,"scX":0.97,"y":-128.2,"pX":0,"scY":0.97,"skX":103.06,"pY":0}},{"duration":1,"z":0,"transform":{"skY":-90,"x":-24.1,"scX":0.97,"y":-85.7,"pX":0,"scY":0.97,"skX":-90,"pY":0}}],"offset":0,"scale":1},{"name":"innerarm_lower","frame":[{"duration":1,"z":1,"transform":{"skY":174.24,"x":-79.55,"scX":0.97,"y":-124.4,"pX":0,"scY":0.97,"skX":174.24,"pY":0}},{"duration":1,"z":1,"transform":{"skY":-36.08,"x":24.65,"scX":0.97,"y":-100.55,"pX":0,"scY":0.97,"skX":-36.08,"pY":0}}],"offset":0,"scale":1},{"name":"innerarm_hand","frame":[{"duration":1,"z":2,"transform":{"skY":-170.94,"x":-78.7,"scX":0.97,"y":-181.25,"pX":0,"scY":0.97,"skX":-170.94,"pY":0}},{"duration":1,"z":2,"transform":{"skY":-80.94,"x":53.05,"scX":0.97,"y":-51.15,"pX":0,"scY":0.97,"skX":-80.94,"pY":0}}],"offset":0,"scale":1},{"name":"innerleg_upper","frame":[{"duration":1,"z":3,"transform":{"skY":-45,"x":26,"scX":0.96,"y":-37,"pX":0,"scY":0.96,"skX":-45,"pY":0}},{"duration":1,"z":3,"transform":{"skY":86.7,"x":1.4,"scX":0.96,"y":13.65,"pX":0,"scY":0.96,"skX":86.7,"pY":0}}],"offset":0,"scale":1},{"name":"innerleg_lower","frame":[{"duration":1,"z":4,"transform":{"skY":-60,"x":77.15,"scX":0.96,"y":15.25,"pX":0,"scY":0.96,"skX":-60,"pY":0}},{"duration":1,"z":4,"transform":{"skY":-8,"x":-69.2,"scX":0.96,"y":16.65,"pX":0,"scY":0.96,"skX":-8,"pY":0}}],"offset":0.15,"scale":1},{"name":"innerleg_foot","frame":[{"duration":1,"z":5,"transform":{"skY":-110.59,"x":154.6,"scX":0.96,"y":53.4,"pX":0,"scY":0.96,"skX":-110.59,"pY":0}},{"duration":1,"z":5,"transform":{"skY":24.28,"x":-54.8,"scX":0.96,"y":104.95,"pX":0,"scY":0.96,"skX":24.28,"pY":0}}],"offset":0,"scale":1},{"name":"head","frame":[{"duration":1,"z":6,"transform":{"skY":0,"x":-14.3,"scX":1,"y":-148.2,"pX":0,"scY":1,"skX":0,"pY":0}},{"duration":1,"z":6,"transform":{"skY":0,"x":-43.35,"scX":1,"y":-85.3,"pX":0,"scY":1,"skX":0,"pY":0}}],"offset":0.1,"scale":0.5},{"name":"upperbody","frame":[{"duration":1,"z":7,"transform":{"skY":-16.56,"x":1.95,"scX":1,"y":-60.7,"pX":0,"scY":1,"skX":-16.56,"pY":0}},{"duration":1,"z":7,"transform":{"skY":-36.85,"x":0,"scX":1,"y":-10,"pX":0,"scY":1,"skX":-36.85,"pY":0}}],"offset":0.05,"scale":0.5},{"name":"lowerbody","frame":[{"duration":1,"z":8,"transform":{"skY":-14.82,"x":0.4,"scX":1,"y":-60.2,"pX":0,"scY":1,"skX":-14.82,"pY":0}},{"duration":1,"z":8,"transform":{"skY":-14.82,"x":0.4,"scX":1,"y":-10.2,"pX":0,"scY":1,"skX":-14.82,"pY":0}}],"offset":0,"scale":0.5},{"name":"outerleg_upper","frame":[{"duration":1,"z":9,"transform":{"skY":81.99,"x":1,"scX":1,"y":-36.9,"pX":0,"scY":1,"skX":81.99,"pY":0}},{"duration":1,"z":9,"transform":{"skY":-53.12,"x":20.55,"scX":1,"y":17.6,"pX":0,"scY":1,"skX":-53.12,"pY":0}}],"offset":0,"scale":1},{"name":"outerleg_lower","frame":[{"duration":1,"z":10,"transform":{"skY":-1.31,"x":-72.3,"scX":1,"y":-23.65,"pX":0,"scY":1,"skX":-1.31,"pY":0}},{"duration":1,"z":10,"transform":{"skY":-56.92,"x":82.4,"scX":1,"y":65.4,"pX":0,"scY":1,"skX":-56.92,"pY":0}}],"offset":0.15,"scale":1},{"name":"outerleg_foot","frame":[{"duration":1,"z":11,"transform":{"skY":29.86,"x":-65.1,"scX":1,"y":66.7,"pX":0,"scY":1,"skX":29.86,"pY":0}},{"duration":1,"z":11,"transform":{"skY":-114.04,"x":162.2,"scX":1,"y":111.15,"pX":0,"scY":1,"skX":-114.04,"pY":0}}],"offset":0,"scale":1},{"name":"outerarm_upper","frame":[{"duration":1,"z":12,"transform":{"skY":-74.17,"x":5.3,"scX":1,"y":-139.2,"pX":0,"scY":1,"skX":-74.17,"pY":0}},{"duration":1,"z":12,"transform":{"skY":80.19,"x":-51.6,"scX":1,"y":-67.6,"pX":0,"scY":1,"skX":80.19,"pY":0}}],"offset":0,"scale":1},{"name":"outerarm_lower","frame":[{"duration":1,"z":13,"transform":{"skY":-19.57,"x":56.6,"scX":1,"y":-139.75,"pX":0,"scY":1,"skX":-19.57,"pY":0}},{"duration":1,"z":13,"transform":{"skY":155.21,"x":-99.35,"scX":1,"y":-43.5,"pX":0,"scY":1,"skX":155.21,"pY":0}}],"offset":0,"scale":1},{"name":"outerarm_hand","frame":[{"duration":1,"z":14,"transform":{"skY":-64.7,"x":70.45,"scX":1,"y":-82.1,"pX":0,"scY":1,"skX":-64.7,"pY":0}},{"duration":1,"z":14,"transform":{"skY":167.18,"x":-117.7,"scX":1,"y":-100.7,"pX":0,"scY":1,"skX":167.18,"pY":0}}],"offset":0,"scale":1}],"loop":0,"duration":2,"fadeInTime":0.2,"scale":15},{"tweenEasing":2,"name":"squat","autoTween":1,"timeline":[{"name":"innerarm_upper","frame":[{"duration":1,"z":0,"transform":{"skY":99.06,"x":-46.25,"scX":0.97,"y":11.05,"pX":0,"scY":0.97,"skX":99.06,"pY":0}},{"duration":1,"z":0,"transform":{"skY":99.06,"x":-53.2,"scX":0.97,"y":13,"pX":0,"scY":0.97,"skX":99.06,"pY":0}}],"offset":0.95,"scale":1},{"name":"innerarm_lower","frame":[{"duration":1,"z":1,"transform":{"skY":88.24,"x":-92.3,"scX":0.97,"y":18.4,"pX":0,"scY":0.97,"skX":88.24,"pY":0}},{"duration":1,"z":1,"transform":{"skY":84.24,"x":-99.35,"scX":0.97,"y":20.4,"pX":0,"scY":0.97,"skX":84.24,"pY":0}}],"offset":0,"scale":1},{"name":"innerarm_hand","frame":[{"duration":1,"z":2,"transform":{"skY":138.41,"x":-148.9,"scX":0.97,"y":15.1,"pX":0,"scY":0.97,"skX":138.41,"pY":0}},{"duration":1,"z":2,"transform":{"skY":-20.82,"x":-156,"scX":0.97,"y":21,"pX":0,"scY":0.97,"skX":-20.82,"pY":0}}],"offset":0,"scale":1},{"name":"innerleg_upper","frame":[{"duration":1,"z":3,"transform":{"skY":102.27,"x":0.05,"scX":0.96,"y":99,"pX":0,"scY":0.96,"skX":102.27,"pY":0}},{"duration":1,"z":3,"transform":{"skY":102.27,"x":0.05,"scX":0.96,"y":99,"pX":0,"scY":0.96,"skX":102.27,"pY":0}}],"offset":0,"scale":1},{"name":"innerleg_lower","frame":[{"duration":1,"z":4,"transform":{"skY":3.53,"x":-69.3,"scX":0.96,"y":88.15,"pX":0,"scY":0.96,"skX":3.53,"pY":0}},{"duration":1,"z":4,"transform":{"skY":3.53,"x":-69.3,"scX":0.96,"y":88.15,"pX":0,"scY":0.96,"skX":3.53,"pY":0}}],"offset":0,"scale":1},{"name":"innerleg_foot","frame":[{"duration":1,"z":5,"transform":{"skY":0,"x":-68,"scX":0.96,"y":174,"pX":0,"scY":0.96,"skX":0,"pY":0}},{"duration":1,"z":5,"transform":{"skY":0,"x":-68,"scX":0.96,"y":174,"pX":0,"scY":0.96,"skX":0,"pY":0}}],"offset":0,"scale":1},{"name":"head","frame":[{"duration":1,"z":6,"transform":{"skY":0,"x":-51.65,"scX":1,"y":3.8,"pX":0,"scY":1,"skX":0,"pY":0}},{"duration":1,"z":6,"transform":{"skY":0,"x":-55.65,"scX":1,"y":5.8,"pX":0,"scY":1,"skX":0,"pY":0}}],"offset":0.9,"scale":1},{"name":"upperbody","frame":[{"duration":1,"z":7,"transform":{"skY":-37.12,"x":0,"scX":1,"y":70.05,"pX":0,"scY":1,"skX":-37.12,"pY":0}},{"duration":1,"z":7,"transform":{"skY":-43.13,"x":0.05,"scX":1,"y":70,"pX":0,"scY":1,"skX":-43.13,"pY":0}}],"offset":0,"scale":1},{"name":"lowerbody","frame":[{"duration":1,"z":8,"transform":{"skY":-3.56,"x":0.3,"scX":1,"y":69.85,"pX":0,"scY":1,"skX":-3.56,"pY":0}},{"duration":1,"z":8,"transform":{"skY":-8.06,"x":0.35,"scX":1,"y":69.75,"pX":0,"scY":1,"skX":-8.06,"pY":0}}],"offset":0,"scale":1},{"name":"outerleg_upper","frame":[{"duration":1,"z":9,"transform":{"skY":21.54,"x":3.95,"scX":1,"y":96.1,"pX":0,"scY":1,"skX":21.54,"pY":0}},{"duration":1,"z":9,"transform":{"skY":21.54,"x":3.95,"scX":1,"y":96.1,"pX":0,"scY":1,"skX":21.54,"pY":0}}],"offset":0,"scale":1},{"name":"outerleg_lower","frame":[{"duration":1,"z":10,"transform":{"skY":-77.43,"x":-22.7,"scX":1,"y":165.55,"pX":0,"scY":1,"skX":-77.43,"pY":0}},{"duration":1,"z":10,"transform":{"skY":-77.43,"x":-22.7,"scX":1,"y":165.55,"pX":0,"scY":1,"skX":-77.43,"pY":0}}],"offset":0,"scale":1},{"name":"outerleg_foot","frame":[{"duration":1,"z":11,"transform":{"skY":-119.31,"x":64,"scX":1,"y":178,"pX":0,"scY":1,"skX":-119.31,"pY":0}},{"duration":1,"z":11,"transform":{"skY":-119.31,"x":64,"scX":1,"y":178,"pX":0,"scY":1,"skX":-119.31,"pY":0}}],"offset":0,"scale":1},{"name":"outerarm_upper","frame":[{"duration":1,"z":12,"transform":{"skY":-89.99,"x":-19.95,"scX":1,"y":-4.3,"pX":0,"scY":1,"skX":-89.99,"pY":0}},{"duration":1,"z":12,"transform":{"skY":-89.99,"x":-27.95,"scX":1,"y":-2.3,"pX":0,"scY":1,"skX":-89.99,"pY":0}}],"offset":0.95,"scale":1},{"name":"outerarm_lower","frame":[{"duration":1,"z":13,"transform":{"skY":-128.12,"x":26.05,"scX":1,"y":-20.3,"pX":0,"scY":1,"skX":-128.12,"pY":0}},{"duration":1,"z":13,"transform":{"skY":-119.86,"x":18.1,"scX":1,"y":-18.25,"pX":0,"scY":1,"skX":-119.86,"pY":0}}],"offset":0,"scale":1},{"name":"outerarm_hand","frame":[{"duration":1,"z":14,"transform":{"skY":-7.82,"x":77.7,"scX":-1,"y":-53.35,"pX":0,"scY":1,"skX":-7.82,"pY":0}},{"duration":1,"z":14,"transform":{"skY":-172.82,"x":73.9,"scX":-1,"y":-43.6,"pX":0,"scY":1,"skX":-172.82,"pY":0}}],"offset":0,"scale":1}],"loop":0,"duration":2,"fadeInTime":0.2,"scale":20},{"tweenEasing":2,"name":"oneLegStand","autoTween":1,"timeline":[{"name":"innerarm_upper","frame":[{"duration":1,"z":0,"transform":{"skY":129.13,"x":-61.2,"scX":0.97,"y":-62.95,"pX":0,"scY":0.97,"skX":129.13,"pY":0}},{"duration":1,"z":0,"transform":{"skY":129.13,"x":-64.2,"scX":0.97,"y":-59,"pX":0,"scY":0.97,"skX":129.13,"pY":0}}],"offset":0.95,"scale":1},{"name":"innerarm_lower","frame":[{"duration":1,"z":1,"transform":{"skY":114.09,"x":-104.9,"scX":0.97,"y":-79.65,"pX":0,"scY":0.97,"skX":114.09,"pY":0}},{"duration":1,"z":1,"transform":{"skY":119.6,"x":-107.85,"scX":0.97,"y":-75.65,"pX":0,"scY":0.97,"skX":119.6,"pY":0}}],"offset":0,"scale":1},{"name":"innerarm_hand","frame":[{"duration":1,"z":2,"transform":{"skY":114.09,"x":-154.3,"scX":0.97,"y":-107.5,"pX":0,"scY":0.97,"skX":114.09,"pY":0}},{"duration":1,"z":2,"transform":{"skY":119.6,"x":-154.4,"scX":0.97,"y":-108.1,"pX":0,"scY":0.97,"skX":119.6,"pY":0}}],"offset":0,"scale":1},{"name":"innerleg_upper","frame":[{"duration":1,"z":3,"transform":{"skY":-115.32,"x":18,"scX":0.96,"y":3,"pX":0,"scY":0.96,"skX":-115.32,"pY":0}},{"duration":1,"z":3,"transform":{"skY":-110.07,"x":18.25,"scX":0.96,"y":3.35,"pX":0,"scY":0.96,"skX":-110.07,"pY":0}}],"offset":0.9,"scale":1},{"name":"innerleg_lower","frame":[{"duration":1,"z":4,"transform":{"skY":-113.07,"x":87.85,"scX":0.96,"y":-27.6,"pX":0,"scY":0.96,"skX":-113.07,"pY":0}},{"duration":1,"z":4,"transform":{"skY":-112.32,"x":90.6,"scX":0.96,"y":-20.85,"pX":0,"scY":0.96,"skX":-112.32,"pY":0}}],"offset":0,"scale":1},{"name":"innerleg_foot","frame":[{"duration":1,"z":5,"transform":{"skY":180,"x":166,"scX":0.96,"y":-65,"pX":0,"scY":0.96,"skX":180,"pY":0}},{"duration":1,"z":5,"transform":{"skY":-179.44,"x":169.15,"scX":0.96,"y":-57.25,"pX":0,"scY":0.96,"skX":-179.44,"pY":0}}],"offset":0,"scale":1},{"name":"head","frame":[{"duration":1,"z":6,"transform":{"skY":44.91,"x":-56.35,"scX":1,"y":-77.65,"pX":0,"scY":1,"skX":44.91,"pY":0}},{"duration":1,"z":6,"transform":{"skY":44.91,"x":-59.35,"scX":1,"y":-71.65,"pX":0,"scY":1,"skX":44.91,"pY":0}}],"offset":0,"scale":1},{"name":"upperbody","frame":[{"duration":1,"z":7,"transform":{"skY":-52.17,"x":0,"scX":1,"y":-10,"pX":0,"scY":1,"skX":-52.17,"pY":0}},{"duration":1,"z":7,"transform":{"skY":-56.94,"x":0.05,"scX":1,"y":-10,"pX":0,"scY":1,"skX":-56.94,"pY":0}}],"offset":0.95,"scale":1},{"name":"lowerbody","frame":[{"duration":1,"z":8,"transform":{"skY":-29.86,"x":0.35,"scX":1,"y":-10.15,"pX":0,"scY":1,"skX":-29.86,"pY":0}},{"duration":1,"z":8,"transform":{"skY":-29.86,"x":0.35,"scX":1,"y":-10.15,"pX":0,"scY":1,"skX":-29.86,"pY":0}}],"offset":0,"scale":1},{"name":"outerleg_upper","frame":[{"duration":1,"z":9,"transform":{"skY":0.54,"x":10,"scX":1,"y":8.1,"pX":0,"scY":1,"skX":0.54,"pY":0}},{"duration":1,"z":9,"transform":{"skY":2.78,"x":10,"scX":1,"y":8.1,"pX":0,"scY":1,"skX":2.78,"pY":0}}],"offset":0,"scale":1},{"name":"outerleg_lower","frame":[{"duration":1,"z":10,"transform":{"skY":5.54,"x":5.7,"scX":1,"y":83.75,"pX":0,"scY":1,"skX":5.54,"pY":0}},{"duration":1,"z":10,"transform":{"skY":2.54,"x":0.75,"scX":1,"y":83.85,"pX":0,"scY":1,"skX":2.54,"pY":0}}],"offset":0,"scale":1},{"name":"outerleg_foot","frame":[{"duration":1,"z":11,"transform":{"skY":0.54,"x":4,"scX":1,"y":172.8,"pX":0,"scY":1,"skX":0.54,"pY":0}},{"duration":1,"z":11,"transform":{"skY":0.54,"x":4,"scX":1,"y":172.8,"pX":0,"scY":1,"skX":0.54,"pY":0}}],"offset":0,"scale":1},{"name":"outerarm_upper","frame":[{"duration":1,"z":12,"transform":{"skY":-119.86,"x":-36.75,"scX":1,"y":-69.2,"pX":0,"scY":1,"skX":-119.86,"pY":0}},{"duration":1,"z":12,"transform":{"skY":-112.53,"x":-40.75,"scX":1,"y":-65.2,"pX":0,"scY":1,"skX":-112.53,"pY":0}}],"offset":0.95,"scale":1},{"name":"outerarm_lower","frame":[{"duration":1,"z":13,"transform":{"skY":-149.95,"x":-4.85,"scX":1,"y":-106.05,"pX":0,"scY":1,"skX":-149.95,"pY":0}},{"duration":1,"z":13,"transform":{"skY":-148.69,"x":-4.3,"scX":1,"y":-97.65,"pX":0,"scY":1,"skX":-148.69,"pY":0}}],"offset":0,"scale":1},{"name":"outerarm_hand","frame":[{"duration":1,"z":14,"transform":{"skY":-149.95,"x":30.85,"scX":1,"y":-155.85,"pX":0,"scY":1,"skX":-149.95,"pY":0}},{"duration":1,"z":14,"transform":{"skY":-148.69,"x":32.45,"scX":1,"y":-146.5,"pX":0,"scY":1,"skX":-148.69,"pY":0}}],"offset":0,"scale":1}],"loop":0,"duration":2,"fadeInTime":0.2,"scale":20},{"tweenEasing":2,"name":"oneLegStand2","autoTween":1,"timeline":[{"name":"innerarm_upper","frame":[{"duration":1,"z":0,"transform":{"skY":60.65,"x":-37.85,"scX":0.97,"y":60.3,"pX":0,"scY":0.97,"skX":60.65,"pY":0}},{"duration":1,"z":0,"transform":{"skY":63.9,"x":-49.05,"scX":0.97,"y":59.85,"pX":0,"scY":0.97,"skX":63.9,"pY":0}}],"offset":0.9,"scale":1},{"name":"innerarm_lower","frame":[{"duration":1,"z":1,"transform":{"skY":45.61,"x":-69.2,"scX":0.97,"y":95,"pX":0,"scY":0.97,"skX":45.61,"pY":0}},{"duration":1,"z":1,"transform":{"skY":54.17,"x":-82.25,"scX":0.97,"y":92.7,"pX":0,"scY":0.97,"skX":54.17,"pY":0}}],"offset":0,"scale":1},{"name":"innerarm_hand","frame":[{"duration":1,"z":2,"transform":{"skY":45.61,"x":-113.15,"scX":0.97,"y":131,"pX":0,"scY":0.97,"skX":45.61,"pY":0}},{"duration":1,"z":2,"transform":{"skY":54.17,"x":-131.1,"scX":0.97,"y":121.7,"pX":0,"scY":0.97,"skX":54.17,"pY":0}}],"offset":0,"scale":1},{"name":"innerleg_upper","frame":[{"duration":1,"z":3,"transform":{"skY":-136.37,"x":30.95,"scX":0.96,"y":-8.8,"pX":0,"scY":0.96,"skX":-136.37,"pY":0}},{"duration":1,"z":3,"transform":{"skY":-132.12,"x":31.4,"scX":0.96,"y":-8.35,"pX":0,"scY":0.96,"skX":-132.12,"pY":0}}],"offset":0.9,"scale":1},{"name":"innerleg_lower","frame":[{"duration":1,"z":4,"transform":{"skY":-134.12,"x":85.25,"scX":0.96,"y":-62.4,"pX":0,"scY":0.96,"skX":-134.12,"pY":0}},{"duration":1,"z":4,"transform":{"skY":-135.38,"x":89.5,"scX":0.96,"y":-57.8,"pX":0,"scY":0.96,"skX":-135.38,"pY":0}}],"offset":0,"scale":1},{"name":"innerleg_foot","frame":[{"duration":1,"z":5,"transform":{"skY":159.18,"x":144.8,"scX":0.96,"y":-125.2,"pX":0,"scY":0.96,"skX":159.18,"pY":0}},{"duration":1,"z":5,"transform":{"skY":157.92,"x":147.6,"scX":0.96,"y":-121.85,"pX":0,"scY":0.96,"skX":157.92,"pY":0}}],"offset":0,"scale":1},{"name":"head","frame":[{"duration":1,"z":6,"transform":{"skY":-15.01,"x":-46.5,"scX":1,"y":63.7,"pX":0,"scY":1,"skX":-15.01,"pY":0}},{"duration":1,"z":6,"transform":{"skY":-15.01,"x":-54.5,"scX":1,"y":58.7,"pX":0,"scY":1,"skX":-15.01,"pY":0}}],"offset":0,"scale":1},{"name":"upperbody","frame":[{"duration":1,"z":7,"transform":{"skY":-165.98,"x":-5.05,"scX":1,"y":-10,"pX":0,"scY":1,"skX":-165.98,"pY":0}},{"duration":1,"z":7,"transform":{"skY":-158.47,"x":-4.95,"scX":1,"y":-10,"pX":0,"scY":1,"skX":-158.47,"pY":0}}],"offset":0.95,"scale":1},{"name":"lowerbody","frame":[{"duration":1,"z":8,"transform":{"skY":-60.14,"x":0.4,"scX":1,"y":-10.15,"pX":0,"scY":1,"skX":-60.14,"pY":0}},{"duration":1,"z":8,"transform":{"skY":-60.14,"x":0.4,"scX":1,"y":-10.15,"pX":0,"scY":1,"skX":-60.14,"pY":0}}],"offset":0,"scale":1},{"name":"outerleg_upper","frame":[{"duration":1,"z":9,"transform":{"skY":0.54,"x":28,"scX":1,"y":1.1,"pX":0,"scY":1,"skX":0.54,"pY":0}},{"duration":1,"z":9,"transform":{"skY":0.54,"x":28,"scX":1,"y":1.1,"pX":0,"scY":1,"skX":0.54,"pY":0}}],"offset":0,"scale":1},{"name":"outerleg_lower","frame":[{"duration":1,"z":10,"transform":{"skY":5.54,"x":23.8,"scX":1,"y":76.75,"pX":0,"scY":1,"skX":5.54,"pY":0}},{"duration":1,"z":10,"transform":{"skY":5.54,"x":23.8,"scX":1,"y":76.75,"pX":0,"scY":1,"skX":5.54,"pY":0}}],"offset":0,"scale":1},{"name":"outerleg_foot","frame":[{"duration":1,"z":11,"transform":{"skY":0.54,"x":22,"scX":1,"y":165.75,"pX":0,"scY":1,"skX":0.54,"pY":0}},{"duration":1,"z":11,"transform":{"skY":0.54,"x":22,"scX":1,"y":165.75,"pX":0,"scY":1,"skX":0.54,"pY":0}}],"offset":0,"scale":1},{"name":"outerarm_upper","frame":[{"duration":1,"z":12,"transform":{"skY":-134.91,"x":-37.7,"scX":1,"y":47.8,"pX":0,"scY":1,"skX":-134.91,"pY":0}},{"duration":1,"z":12,"transform":{"skY":-139.42,"x":-44.8,"scX":1,"y":43.65,"pX":0,"scY":1,"skX":-139.42,"pY":0}}],"offset":0.9,"scale":1},{"name":"outerarm_lower","frame":[{"duration":1,"z":13,"transform":{"skY":-164.99,"x":-16.55,"scX":1,"y":3.95,"pX":0,"scY":1,"skX":-164.99,"pY":0}},{"duration":1,"z":13,"transform":{"skY":-173.74,"x":-27.2,"scX":1,"y":-1.65,"pX":0,"scY":1,"skX":-173.74,"pY":0}}],"offset":0,"scale":1},{"name":"outerarm_hand","frame":[{"duration":1,"z":14,"transform":{"skY":-180,"x":5.1,"scX":1,"y":-53.4,"pX":0,"scY":1,"skX":-180,"pY":0}},{"duration":1,"z":14,"transform":{"skY":171.44,"x":-14.5,"scX":1,"y":-61.65,"pX":0,"scY":1,"skX":171.44,"pY":0}}],"offset":0,"scale":1}],"loop":0,"duration":2,"fadeInTime":0.2,"scale":20},{"tweenEasing":2,"name":"float","autoTween":1,"timeline":[{"name":"innerarm_upper","frame":[{"duration":1,"z":0,"transform":{"skY":164.98,"x":25.3,"scX":0.97,"y":-147.55,"pX":0,"scY":0.97,"skX":164.98,"pY":0}},{"duration":1,"z":0,"transform":{"skY":161.67,"x":20.5,"scX":0.97,"y":-128.95,"pX":0,"scY":0.97,"skX":161.67,"pY":0}}],"offset":0,"scale":1},{"name":"innerarm_lower","frame":[{"duration":1,"z":1,"transform":{"skY":159.22,"x":-3.65,"scX":0.97,"y":-191.95,"pX":0,"scY":0.97,"skX":159.22,"pY":0}},{"duration":1,"z":1,"transform":{"skY":155.91,"x":-11.05,"scX":0.97,"y":-171.6,"pX":0,"scY":0.97,"skX":155.91,"pY":0}}],"offset":0,"scale":1},{"name":"innerarm_hand","frame":[{"duration":1,"z":2,"transform":{"skY":144.18,"x":-17.7,"scX":0.97,"y":-250.4,"pX":0,"scY":0.97,"skX":144.18,"pY":0}},{"duration":1,"z":2,"transform":{"skY":140.87,"x":-28.65,"scX":0.97,"y":-229.1,"pX":0,"scY":0.97,"skX":140.87,"pY":0}}],"offset":0,"scale":1},{"name":"innerleg_upper","frame":[{"duration":1,"z":3,"transform":{"skY":-40.12,"x":0,"scX":0.96,"y":-41,"pX":0,"scY":0.96,"skX":-40.12,"pY":0}},{"duration":1,"z":3,"transform":{"skY":-33.86,"x":-0.05,"scX":0.96,"y":-21,"pX":0,"scY":0.96,"skX":-33.86,"pY":0}}],"offset":0,"scale":1},{"name":"innerleg_lower","frame":[{"duration":1,"z":4,"transform":{"skY":-7.3,"x":42.95,"scX":0.96,"y":18.5,"pX":0,"scY":0.96,"skX":-7.3,"pY":0}},{"duration":1,"z":4,"transform":{"skY":-9.06,"x":36.25,"scX":0.96,"y":42.85,"pX":0,"scY":0.96,"skX":-9.06,"pY":0}}],"offset":0,"scale":1},{"name":"innerleg_foot","frame":[{"duration":1,"z":5,"transform":{"skY":-75.18,"x":57,"scX":0.96,"y":102.95,"pX":0,"scY":0.96,"skX":-75.18,"pY":0}},{"duration":1,"z":5,"transform":{"skY":-46.86,"x":52.9,"scX":0.96,"y":126.95,"pX":0,"scY":0.96,"skX":-46.86,"pY":0}}],"offset":0,"scale":1},{"name":"head","frame":[{"duration":1,"z":6,"transform":{"skY":68.21,"x":47.35,"scX":1,"y":-145.25,"pX":0,"scY":1,"skX":68.21,"pY":0}},{"duration":1,"z":6,"transform":{"skY":64.72,"x":42.65,"scX":1,"y":-127.9,"pX":0,"scY":1,"skX":64.72,"pY":0}}],"offset":0.9,"scale":1},{"name":"upperbody","frame":[{"duration":1,"z":7,"transform":{"skY":22.79,"x":0,"scX":1,"y":-70,"pX":0,"scY":1,"skX":22.79,"pY":0}},{"duration":1,"z":7,"transform":{"skY":19.29,"x":0.05,"scX":1,"y":-49.95,"pX":0,"scY":1,"skX":19.29,"pY":0}}],"offset":0.95,"scale":1},{"name":"lowerbody","frame":[{"duration":1,"z":8,"transform":{"skY":0,"x":0.35,"scX":1,"y":-70.2,"pX":0,"scY":1,"skX":0,"pY":0}},{"duration":1,"z":8,"transform":{"skY":0,"x":0.35,"scX":1,"y":-50.2,"pX":0,"scY":1,"skX":0,"pY":0}}],"offset":0,"scale":1},{"name":"outerleg_upper","frame":[{"duration":1,"z":9,"transform":{"skY":-15.54,"x":4.95,"scX":1,"y":-45.95,"pX":0,"scY":1,"skX":-15.54,"pY":0}},{"duration":1,"z":9,"transform":{"skY":-9.54,"x":5,"scX":1,"y":-25.9,"pX":0,"scY":1,"skX":-9.54,"pY":0}}],"offset":0.9,"scale":1},{"name":"outerleg_lower","frame":[{"duration":1,"z":10,"transform":{"skY":5.55,"x":20.7,"scX":1,"y":29.85,"pX":0,"scY":1,"skX":5.55,"pY":0}},{"duration":1,"z":10,"transform":{"skY":5.3,"x":12.7,"scX":1,"y":51.15,"pX":0,"scY":1,"skX":5.3,"pY":0}}],"offset":0,"scale":1},{"name":"outerleg_foot","frame":[{"duration":1,"z":11,"transform":{"skY":-59.41,"x":14.85,"scX":1,"y":120.9,"pX":0,"scY":1,"skX":-59.41,"pY":0}},{"duration":1,"z":11,"transform":{"skY":-44.6,"x":7.25,"scX":1,"y":142.15,"pX":0,"scY":1,"skX":-44.6,"pY":0}}],"offset":0,"scale":1},{"name":"outerarm_upper","frame":[{"duration":1,"z":12,"transform":{"skY":14.82,"x":51.35,"scX":1,"y":-124.2,"pX":0,"scY":1,"skX":14.82,"pY":0}},{"duration":1,"z":12,"transform":{"skY":11.52,"x":47.95,"scX":1,"y":-107.15,"pX":0,"scY":1,"skX":11.52,"pY":0}}],"offset":0,"scale":1},{"name":"outerarm_lower","frame":[{"duration":1,"z":13,"transform":{"skY":-14.82,"x":55.35,"scX":1,"y":-78.2,"pX":0,"scY":1,"skX":-14.82,"pY":0}},{"duration":1,"z":13,"transform":{"skY":-11.06,"x":54.75,"scX":1,"y":-61.6,"pX":0,"scY":1,"skX":-11.06,"pY":0}}],"offset":0.9,"scale":1},{"name":"outerarm_hand","frame":[{"duration":1,"z":14,"transform":{"skY":-44.91,"x":63.35,"scX":1,"y":-23.25,"pX":0,"scY":1,"skX":-44.91,"pY":0}},{"duration":1,"z":14,"transform":{"skY":-41.13,"x":59.1,"scX":1,"y":-6.15,"pX":0,"scY":1,"skX":-41.13,"pY":0}}],"offset":0,"scale":1}],"loop":0,"duration":2,"fadeInTime":0.2,"scale":25},{"tweenEasing":2,"name":"pushUp","autoTween":1,"timeline":[{"name":"innerarm_upper","frame":[{"duration":1,"z":0,"transform":{"skY":109.52,"x":-76.6,"scX":0.97,"y":-23.7,"pX":0,"scY":0.97,"skX":109.52,"pY":0}},{"duration":1,"z":0,"transform":{"skY":157.45,"x":-46.45,"scX":0.97,"y":-99.4,"pX":0,"scY":0.97,"skX":157.45,"pY":0}}],"offset":0.9,"scale":1},{"name":"innerarm_lower","frame":[{"duration":1,"z":1,"transform":{"skY":87.69,"x":-126.25,"scX":0.97,"y":-25,"pX":0,"scY":0.97,"skX":87.69,"pY":0}},{"duration":1,"z":1,"transform":{"skY":135.39,"x":-78.8,"scX":0.97,"y":-137.1,"pX":0,"scY":0.97,"skX":135.39,"pY":0}}],"offset":0,"scale":1},{"name":"innerarm_hand","frame":[{"duration":1,"z":2,"transform":{"skY":72.68,"x":-186.4,"scX":0.97,"y":-30.75,"pX":0,"scY":0.97,"skX":72.68,"pY":0}},{"duration":1,"z":2,"transform":{"skY":120.34,"x":-114.75,"scX":0.97,"y":-185.5,"pX":0,"scY":0.97,"skX":120.34,"pY":0}}],"offset":0,"scale":1},{"name":"innerleg_upper","frame":[{"duration":1,"z":3,"transform":{"skY":-90.8,"x":27.3,"scX":0.96,"y":6.15,"pX":0,"scY":0.96,"skX":-90.8,"pY":0}},{"duration":1,"z":3,"transform":{"skY":-77.98,"x":33.65,"scX":0.96,"y":-32.5,"pX":0,"scY":0.96,"skX":-77.98,"pY":0}}],"offset":0,"scale":1},{"name":"innerleg_lower","frame":[{"duration":1,"z":4,"transform":{"skY":-85.98,"x":104.2,"scX":0.96,"y":6.1,"pX":0,"scY":0.96,"skX":-85.98,"pY":0}},{"duration":1,"z":4,"transform":{"skY":-72.96,"x":108.65,"scX":0.96,"y":-15.15,"pX":0,"scY":0.96,"skX":-72.96,"pY":0}}],"offset":0,"scale":1},{"name":"innerleg_foot","frame":[{"duration":1,"z":5,"transform":{"skY":-120.05,"x":192.05,"scX":0.96,"y":9.25,"pX":0,"scY":0.96,"skX":-120.05,"pY":0}},{"duration":1,"z":5,"transform":{"skY":-107.02,"x":193.5,"scX":0.96,"y":7.65,"pX":0,"scY":0.96,"skX":-107.02,"pY":0}}],"offset":0,"scale":1},{"name":"head","frame":[{"duration":1,"z":6,"transform":{"skY":-61.21,"x":-82.1,"scX":1,"y":-21.05,"pX":0,"scY":1,"skX":-61.21,"pY":0}},{"duration":1,"z":6,"transform":{"skY":-19.79,"x":-63.8,"scX":1,"y":-94.4,"pX":0,"scY":1,"skX":-19.79,"pY":0}}],"offset":0.95,"scale":1},{"name":"upperbody","frame":[{"duration":1,"z":7,"transform":{"skY":-84.47,"x":0,"scX":1,"y":0,"pX":0,"scY":1,"skX":-84.47,"pY":0}},{"duration":1,"z":7,"transform":{"skY":-65.93,"x":10.55,"scX":1,"y":-48.8,"pX":0,"scY":1,"skX":-65.93,"pY":0}}],"offset":0,"scale":1},{"name":"lowerbody","frame":[{"duration":1,"z":8,"transform":{"skY":-75.18,"x":0.95,"scX":1,"y":1,"pX":0,"scY":1,"skX":-75.18,"pY":0}},{"duration":1,"z":8,"transform":{"skY":-62.15,"x":9.2,"scX":1,"y":-43.45,"pX":0,"scY":1,"skX":-62.15,"pY":0}}],"offset":0,"scale":1},{"name":"outerleg_upper","frame":[{"duration":1,"z":9,"transform":{"skY":-86.7,"x":27.3,"scX":1,"y":7.3,"pX":0,"scY":1,"skX":-86.7,"pY":0}},{"duration":1,"z":9,"transform":{"skY":-73.69,"x":33.4,"scX":1,"y":-31.25,"pX":0,"scY":1,"skX":-73.69,"pY":0}}],"offset":0,"scale":1},{"name":"outerleg_lower","frame":[{"duration":1,"z":10,"transform":{"skY":-84.45,"x":103.9,"scX":1,"y":13.6,"pX":0,"scY":1,"skX":-84.45,"pY":0}},{"duration":1,"z":10,"transform":{"skY":-71.44,"x":106.6,"scX":1,"y":-7.9,"pX":0,"scY":1,"skX":-71.44,"pY":0}}],"offset":0,"scale":1},{"name":"outerleg_foot","frame":[{"duration":1,"z":11,"transform":{"skY":-119.31,"x":190.85,"scX":1,"y":17.1,"pX":0,"scY":1,"skX":-119.31,"pY":0}},{"duration":1,"z":11,"transform":{"skY":-106.29,"x":190.55,"scX":1,"y":14.95,"pX":0,"scY":1,"skX":-106.29,"pY":0}}],"offset":0,"scale":1},{"name":"outerarm_upper","frame":[{"duration":1,"z":12,"transform":{"skY":-83.19,"x":-79.75,"scX":1,"y":-16.25,"pX":0,"scY":1,"skX":-83.19,"pY":0}},{"duration":1,"z":12,"transform":{"skY":21.83,"x":-50.9,"scX":1,"y":-85.95,"pX":0,"scY":1,"skX":21.83,"pY":0}}],"offset":0,"scale":1},{"name":"outerarm_lower","frame":[{"duration":1,"z":13,"transform":{"skY":32.11,"x":-27.55,"scX":1,"y":-24.75,"pX":0,"scY":1,"skX":32.11,"pY":0}},{"duration":1,"z":13,"transform":{"skY":3,"x":-55.5,"scX":1,"y":-37.8,"pX":0,"scY":1,"skX":3,"pY":0}}],"offset":0,"scale":1},{"name":"outerarm_hand","frame":[{"duration":1,"z":14,"transform":{"skY":67.67,"x":-65.65,"scX":1,"y":21.75,"pX":0,"scY":1,"skX":67.67,"pY":0}},{"duration":1,"z":14,"transform":{"skY":67.67,"x":-65.65,"scX":1,"y":21.75,"pX":0,"scY":1,"skX":67.67,"pY":0}}],"offset":0,"scale":1}],"loop":0,"duration":2,"fadeInTime":0.2,"scale":15}],"bone":[{"name":"innerarm_upper","transform":{"skY":37.66,"x":-17.15,"scX":0.97,"y":-76.75,"scY":0.97,"skX":37.66},"parent":"upperbody"},{"name":"innerarm_lower","transform":{"skY":32.81,"x":-32.75,"scX":0.97,"y":-32.7,"scY":0.97,"skX":32.81},"parent":"innerarm_upper"},{"name":"innerarm_hand","transform":{"skY":17.75,"x":-67.6,"scX":0.97,"y":11.9,"scY":0.97,"skX":17.75},"parent":"innerarm_lower"},{"name":"innerleg_upper","transform":{"skY":12.27,"x":0,"scX":0.96,"y":19,"scY":0.96,"skX":12.27},"parent":"lowerbody"},{"name":"innerleg_lower","transform":{"skY":3.53,"x":-16.3,"scX":0.96,"y":90.2,"scY":0.96,"skX":3.53},"parent":"innerleg_upper"},{"name":"innerleg_foot","transform":{"skY":0,"x":-16,"scX":0.96,"y":175,"scY":0.96,"skX":0},"parent":"innerleg_lower"},{"name":"head","transform":{"skY":0,"x":2.35,"scX":1,"y":-98.2,"scY":1,"skX":0},"parent":"upperbody"},{"name":"upperbody","transform":{"skY":-7.05,"x":0,"scX":1,"y":-10.05,"scY":1,"skX":-7.05},"parent":"lowerbody"},{"transform":{"skY":0,"x":0.35,"scX":1,"y":-10.2,"scY":1,"skX":0},"name":"lowerbody"},{"name":"outerleg_upper","transform":{"skY":-8.3,"x":5,"scX":1,"y":14.05,"scY":1,"skX":-8.3},"parent":"lowerbody"},{"name":"outerleg_lower","transform":{"skY":-2.26,"x":16.75,"scX":1,"y":89.8,"scY":1,"skX":-2.26},"parent":"outerleg_upper"},{"name":"outerleg_foot","transform":{"skY":0.54,"x":27.95,"scX":1,"y":178.85,"scY":1,"skX":0.54},"parent":"outerleg_lower"},{"name":"outerarm_upper","transform":{"skY":0,"x":17.35,"scX":1,"y":-89.2,"scY":1,"skX":0},"parent":"upperbody"},{"name":"outerarm_lower","transform":{"skY":0,"x":33.35,"scX":1,"y":-43.2,"scY":1,"skX":0},"parent":"outerarm_upper"},{"name":"outerarm_hand","transform":{"skY":0,"x":27.35,"scX":1,"y":17.8,"scY":1,"skX":0},"parent":"outerarm_lower"}],"skin":[{"slot":[{"display":[{"type":"image","name":"robotFolder/arm_upper","transform":{"skY":0,"x":0,"scX":1,"y":0,"pX":16.9,"scY":1,"skX":0,"pY":16.3}}],"name":"innerarm_upper","z":0,"parent":"innerarm_upper"},{"display":[{"type":"image","name":"robotFolder/arm_lower","transform":{"skY":0,"x":0,"scX":1,"y":0,"pX":10.55,"scY":1,"skX":0,"pY":8.9}}],"name":"innerarm_lower","z":1,"parent":"innerarm_lower"},{"display":[{"type":"image","name":"robotFolder/arm_hand","transform":{"skY":0,"x":0,"scX":1,"y":0,"pX":12.2,"scY":1,"skX":0,"pY":5.55}}],"name":"innerarm_hand","z":2,"parent":"innerarm_hand"},{"display":[{"type":"image","name":"robotFolder/leg_upper","transform":{"skY":0,"x":0,"scX":1,"y":0,"pX":18.95,"scY":1,"skX":0,"pY":10.7}}],"name":"innerleg_upper","z":3,"parent":"innerleg_upper"},{"display":[{"type":"image","name":"robotFolder/leg_lower","transform":{"skY":0,"x":0,"scX":1,"y":0,"pX":14.4,"scY":1,"skX":0,"pY":10.4}}],"name":"innerleg_lower","z":4,"parent":"innerleg_lower"},{"display":[{"type":"image","name":"robotFolder/leg_foot","transform":{"skY":0,"x":0,"scX":1,"y":0,"pX":28.15,"scY":1,"skX":0,"pY":2.4}}],"name":"innerleg_foot","z":5,"parent":"innerleg_foot"},{"display":[{"type":"image","name":"robotFolder/head","transform":{"skY":0,"x":0,"scX":1,"y":0,"pX":37.7,"scY":1,"skX":0,"pY":54.35}}],"name":"head","z":6,"parent":"head"},{"display":[{"type":"image","name":"robotFolder/upperbody","transform":{"skY":0,"x":0,"scX":1,"y":0,"pX":32.35,"scY":1,"skX":0,"pY":90.95}}],"name":"upperbody","z":7,"parent":"upperbody"},{"display":[{"type":"image","name":"robotFolder/lowerbody","transform":{"skY":0,"x":0,"scX":1,"y":0,"pX":20.8,"scY":1,"skX":0,"pY":18.4}}],"name":"lowerbody","z":8,"parent":"lowerbody"},{"display":[{"type":"image","name":"robotFolder/leg_upper","transform":{"skY":0,"x":0,"scX":1,"y":0,"pX":18.95,"scY":1,"skX":0,"pY":10.7}}],"name":"outerleg_upper","z":9,"parent":"outerleg_upper"},{"display":[{"type":"image","name":"robotFolder/leg_lower","transform":{"skY":0,"x":0,"scX":1,"y":0,"pX":14.4,"scY":1,"skX":0,"pY":10.4}}],"name":"outerleg_lower","z":10,"parent":"outerleg_lower"},{"display":[{"type":"image","name":"robotFolder/leg_foot","transform":{"skY":0,"x":0,"scX":1,"y":0,"pX":28.15,"scY":1,"skX":0,"pY":2.4}}],"name":"outerleg_foot","z":11,"parent":"outerleg_foot"},{"display":[{"type":"image","name":"robotFolder/arm_upper","transform":{"skY":0,"x":0,"scX":1,"y":0,"pX":16.9,"scY":1,"skX":0,"pY":16.3}}],"name":"outerarm_upper","z":12,"parent":"outerarm_upper"},{"display":[{"type":"image","name":"robotFolder/arm_lower","transform":{"skY":0,"x":0,"scX":1,"y":0,"pX":10.55,"scY":1,"skX":0,"pY":8.9}}],"name":"outerarm_lower","z":13,"parent":"outerarm_lower"},{"display":[{"type":"image","name":"robotFolder/arm_hand","transform":{"skY":0,"x":0,"scX":1,"y":0,"pX":12.2,"scY":1,"skX":0,"pY":5.55}}],"name":"outerarm_hand","z":14,"parent":"outerarm_hand"}],"name":"default"}],"name":"robot"}],"name":"Robot","frameRate":30,"version":2.3}