{"imagePath":"texture.png","name":"Robot","SubTexture":[{"x":185,"height":64,"name":"robotFolder/arm_upper","width":38,"y":0},{"x":224,"height":69,"name":"robotFolder/arm_lower","width":19,"y":0},{"x":223,"height":38,"name":"robotFolder/arm_hand","width":18,"y":70},{"x":97,"height":91,"name":"robotFolder/leg_upper","width":37,"y":0},{"x":61,"height":103,"name":"robotFolder/leg_lower","width":35,"y":0},{"x":181,"height":22,"name":"robotFolder/leg_foot","width":41,"y":65},{"x":135,"height":59,"name":"robotFolder/head","width":49,"y":0},{"x":0,"height":99,"name":"robotFolder/upperbody","width":60,"y":0},{"x":135,"height":53,"name":"robotFolder/lowerbody","width":44,"y":60}]}