{"armature":[{"animation":[{"tweenEasing":null,"name":"ready","autoTween":1,"timeline":[{"name":"innerarm_hand","frame":[{"duration":3,"z":0,"transform":{"skY":-14.78,"x":-82.95,"scX":1,"y":-12.7,"pX":0,"scY":1,"skX":-14.78,"pY":0}},{"duration":3,"z":0,"transform":{"skY":-6.01,"x":-79.75,"scX":1,"y":-24.15,"pX":0,"scY":1,"skX":-6.01,"pY":0.05}}],"offset":0,"scale":1},{"name":"innerarm_lower","frame":[{"duration":3,"z":1,"transform":{"skY":-24.05,"x":-38.5,"scX":1,"y":-60.4,"pX":0,"scY":1,"skX":-24.05,"pY":0}},{"duration":3,"z":1,"transform":{"skY":-23.05,"x":-34.55,"scX":1,"y":-71.2,"pX":-0.05,"scY":1,"skX":-23.05,"pY":0.05}}],"offset":0,"scale":1},{"name":"innerarm_upper","frame":[{"duration":3,"z":2,"transform":{"skY":-29.83,"x":-20.65,"scX":1,"y":-118.75,"pX":0,"scY":1,"skX":-29.82,"pY":0}},{"duration":3,"z":2,"transform":{"skY":-24.04,"x":-11.35,"scX":1,"y":-127.95,"pX":0.1,"scY":1,"skX":-24.04,"pY":0.05}}],"offset":0.75,"scale":1},{"name":"innerweapon","frame":[{"duration":3,"z":3,"transform":{"skY":-64.7,"x":-96.1,"scX":1,"y":-1.9,"pX":0,"scY":1,"skX":-64.7,"pY":0}},{"duration":3,"z":3,"transform":{"skY":-58.67,"x":-95.7,"scX":1,"y":-16.85,"pX":-0.1,"scY":1,"skX":-58.67,"pY":-0.1}}],"offset":0,"scale":1},{"name":"innerleg_upper","frame":[{"duration":3,"z":4,"transform":{"skY":12.01,"x":-2.25,"scX":1,"y":-7.6,"pX":0,"scY":1,"skX":12.01,"pY":0}},{"duration":3,"z":4,"transform":{"skY":7.76,"x":0.1,"scX":1,"y":-7.55,"pX":-0.2,"scY":1,"skX":7.76,"pY":-0.1}}],"offset":0,"scale":1},{"name":"innerleg_lower","frame":[{"duration":3,"z":5,"transform":{"skY":4.76,"x":-21.3,"scX":1,"y":122.15,"pX":0,"scY":1,"skX":6.27,"pY":0}},{"duration":3,"z":5,"transform":{"skY":11.01,"x":-13.85,"scX":1,"y":122.2,"pX":0,"scY":1,"skX":12.52,"pY":-0.1}}],"offset":0,"scale":1},{"name":"innerleg_foot","frame":[{"duration":3,"z":6,"transform":{"skY":-1.51,"x":-22.9,"scX":1,"y":199.15,"pX":0,"scY":1,"skX":0,"pY":0}},{"duration":3,"z":6,"transform":{"skY":-1.51,"x":-23.1,"scX":1,"y":199.2,"pX":0,"scY":1,"skX":0,"pY":0}}],"offset":0,"scale":1},{"name":"head","frame":[{"duration":3,"z":7,"transform":{"skY":0,"x":0,"scX":1,"y":-143,"pX":0,"scY":1,"skX":0,"pY":0}},{"duration":3,"z":7,"transform":{"skY":0.01,"x":5,"scX":1,"y":-144,"pX":0.45,"scY":1,"skX":0.01,"pY":-4.1}}],"offset":0,"scale":1},{"name":"upperbody","frame":[{"duration":3,"z":8,"transform":{"skY":0,"x":-16.25,"scX":1,"y":-55.45,"pX":0,"scY":1,"skX":0,"pY":0}},{"duration":3,"z":8,"transform":{"skY":2.76,"x":-14.05,"scX":1,"y":-59.8,"pX":0.05,"scY":1,"skX":2.77,"pY":0.05}}],"offset":0,"scale":1},{"name":"outerleg_upper","frame":[{"duration":3,"z":9,"transform":{"skY":-53.41,"x":-10.85,"scX":1,"y":2.15,"pX":0,"scY":1,"skX":-53.41,"pY":0}},{"duration":3,"z":9,"transform":{"skY":-56.67,"x":-8.65,"scX":1,"y":2.1,"pX":0.05,"scY":1,"skX":-56.68,"pY":0}}],"offset":0,"scale":1},{"name":"outerleg_lower","frame":[{"duration":3,"z":10,"transform":{"skY":0,"x":31.3,"scX":1,"y":123.3,"pX":0,"scY":1,"skX":0,"pY":0}},{"duration":3,"z":10,"transform":{"skY":3.02,"x":35.5,"scX":1,"y":123.1,"pX":0.05,"scY":1,"skX":3.02,"pY":0.05}}],"offset":0,"scale":1},{"name":"outerleg_foot","frame":[{"duration":3,"z":11,"transform":{"skY":0,"x":47.35,"scX":1,"y":201.55,"pX":0,"scY":1,"skX":0,"pY":0}},{"duration":3,"z":11,"transform":{"skY":0,"x":47.75,"scX":1,"y":201.55,"pX":0,"scY":1,"skX":0,"pY":0}}],"offset":0,"scale":1},{"name":"lowerbody","frame":[{"duration":3,"z":12,"transform":{"skY":0,"x":-0.65,"scX":1,"y":4.95,"pX":0,"scY":1,"skX":0,"pY":0}},{"duration":3,"z":12,"transform":{"skY":0,"x":1.55,"scX":1,"y":0.95,"pX":0,"scY":1,"skX":0,"pY":0}}],"offset":0,"scale":1},{"name":"outerarm_hand","frame":[{"duration":3,"z":16,"transform":{"skY":-14.78,"x":33.75,"scX":1,"y":15.65,"pX":0,"scY":1,"skX":-14.78,"pY":0}},{"duration":3,"z":16,"transform":{"skY":-16.77,"x":39.7,"scX":1,"y":12.9,"pX":0.05,"scY":1,"skX":-16.77,"pY":0.05}}],"offset":0,"scale":1},{"name":"outerarm_lower","frame":[{"duration":3,"z":17,"transform":{"skY":-14.78,"x":42.95,"scX":1,"y":-51.1,"pX":0,"scY":1,"skX":-14.78,"pY":0}},{"duration":3,"z":17,"transform":{"skY":-16.77,"x":46.6,"scX":1,"y":-54,"pX":0.15,"scY":1,"skX":-16.77,"pY":0}}],"offset":0,"scale":1},{"name":"outerarm_upper","frame":[{"duration":3,"z":18,"transform":{"skY":-14.78,"x":7.55,"scX":1,"y":-128.6,"pX":0,"scY":1,"skX":-14.78,"pY":0}},{"duration":3,"z":18,"transform":{"skY":-11.01,"x":16.4,"scX":1,"y":-133.9,"pX":0,"scY":1,"skX":-11.01,"pY":0}}],"offset":0.8,"scale":1}],"loop":0,"duration":6,"fadeInTime":0.25,"scale":8},{"tweenEasing":null,"name":"readyWeapon","autoTween":1,"timeline":[{"name":"innerarm_hand","frame":[{"duration":3,"z":0,"transform":{"skY":-62.69,"x":-89.7,"scX":1,"y":-14.85,"pX":0.05,"scY":1,"skX":-62.69,"pY":-0.1}},{"duration":3,"z":0,"transform":{"skY":-62.69,"x":-81.45,"scX":1,"y":-20.85,"pX":0,"scY":1,"skX":-62.69,"pY":-0.05}}],"offset":0,"scale":1},{"name":"innerarm_lower","frame":[{"duration":3,"z":1,"transform":{"skY":-26.8,"x":-49.05,"scX":1,"y":-64.65,"pX":0.05,"scY":1,"skX":-26.8,"pY":0.1}},{"duration":3,"z":1,"transform":{"skY":-26.8,"x":-40.9,"scX":1,"y":-70.7,"pX":0,"scY":1,"skX":-26.8,"pY":0.1}}],"offset":0,"scale":1},{"name":"innerarm_upper","frame":[{"duration":3,"z":2,"transform":{"skY":-17.53,"x":-20.7,"scX":1,"y":-118.75,"pX":0.05,"scY":1,"skX":-17.53,"pY":0.05}},{"duration":3,"z":2,"transform":{"skY":-17.53,"x":-12.4,"scX":1,"y":-124.75,"pX":0.05,"scY":1,"skX":-17.53,"pY":0.05}}],"offset":0,"scale":1},{"name":"innerweapon","frame":[{"duration":3,"z":3,"transform":{"skY":58.92,"x":-92.75,"scX":1,"y":1,"pX":-0.05,"scY":1,"skX":58.92,"pY":0}},{"duration":3,"z":3,"transform":{"skY":58.92,"x":-84.6,"scX":1,"y":-4.95,"pX":-0.05,"scY":1,"skX":58.92,"pY":-0.05}}],"offset":0,"scale":1},{"name":"innerleg_upper","frame":[{"duration":3,"z":4,"transform":{"skY":12.01,"x":-2.25,"scX":1,"y":-7.6,"pX":0,"scY":1,"skX":12.01,"pY":0}},{"duration":3,"z":4,"transform":{"skY":7.76,"x":0.1,"scX":1,"y":-7.55,"pX":-0.2,"scY":1,"skX":7.76,"pY":-0.1}}],"offset":0,"scale":1},{"name":"innerleg_lower","frame":[{"duration":3,"z":5,"transform":{"skY":4.76,"x":-21.3,"scX":1,"y":122.15,"pX":0,"scY":1,"skX":6.27,"pY":0}},{"duration":3,"z":5,"transform":{"skY":11.01,"x":-13.85,"scX":1,"y":122.2,"pX":0,"scY":1,"skX":12.52,"pY":-0.1}}],"offset":0,"scale":1},{"name":"innerleg_foot","frame":[{"duration":3,"z":6,"transform":{"skY":-1.51,"x":-22.9,"scX":1,"y":199.15,"pX":0,"scY":1,"skX":0,"pY":0}},{"duration":3,"z":6,"transform":{"skY":-1.51,"x":-23.1,"scX":1,"y":199.2,"pX":0,"scY":1,"skX":0,"pY":0}}],"offset":0,"scale":1},{"name":"head","frame":[{"duration":3,"z":7,"transform":{"skY":0,"x":0,"scX":1,"y":-140,"pX":0,"scY":1,"skX":0,"pY":-3}},{"duration":3,"z":7,"transform":{"skY":0.01,"x":6,"scX":1,"y":-146,"pX":0.45,"scY":1,"skX":0.01,"pY":-1.1}}],"offset":0,"scale":1},{"name":"upperbody","frame":[{"duration":3,"z":8,"transform":{"skY":0,"x":-16.25,"scX":1,"y":-55.45,"pX":0,"scY":1,"skX":0,"pY":0}},{"duration":3,"z":8,"transform":{"skY":2.76,"x":-14.05,"scX":1,"y":-59.8,"pX":0.05,"scY":1,"skX":2.77,"pY":0.05}}],"offset":0,"scale":1},{"name":"outerleg_upper","frame":[{"duration":3,"z":9,"transform":{"skY":-53.41,"x":-10.85,"scX":1,"y":2.15,"pX":0,"scY":1,"skX":-53.41,"pY":0}},{"duration":3,"z":9,"transform":{"skY":-56.67,"x":-8.65,"scX":1,"y":2.1,"pX":0.05,"scY":1,"skX":-56.68,"pY":0}}],"offset":0,"scale":1},{"name":"outerleg_lower","frame":[{"duration":3,"z":10,"transform":{"skY":0,"x":31.3,"scX":1,"y":123.3,"pX":0,"scY":1,"skX":0,"pY":0}},{"duration":3,"z":10,"transform":{"skY":3.02,"x":35.5,"scX":1,"y":123.1,"pX":0.05,"scY":1,"skX":3.02,"pY":0.05}}],"offset":0,"scale":1},{"name":"outerleg_foot","frame":[{"duration":3,"z":11,"transform":{"skY":0,"x":47.35,"scX":1,"y":201.55,"pX":0,"scY":1,"skX":0,"pY":0}},{"duration":3,"z":11,"transform":{"skY":0,"x":47.75,"scX":1,"y":201.55,"pX":0,"scY":1,"skX":0,"pY":0}}],"offset":0,"scale":1},{"name":"lowerbody","frame":[{"duration":3,"z":12,"transform":{"skY":0,"x":-0.65,"scX":1,"y":4.95,"pX":0,"scY":1,"skX":0,"pY":0}},{"duration":3,"z":12,"transform":{"skY":0,"x":1.55,"scX":1,"y":0.95,"pX":0,"scY":1,"skX":0,"pY":0}}],"offset":0,"scale":1},{"name":"outerarm_hand","frame":[{"duration":3,"z":16,"transform":{"skY":-14.78,"x":33.75,"scX":1,"y":15.65,"pX":0,"scY":1,"skX":-14.78,"pY":0}},{"duration":3,"z":16,"transform":{"skY":-16.77,"x":39.7,"scX":1,"y":12.9,"pX":0.05,"scY":1,"skX":-16.77,"pY":0.05}}],"offset":0,"scale":1},{"name":"outerarm_lower","frame":[{"duration":3,"z":17,"transform":{"skY":-14.78,"x":42.95,"scX":1,"y":-51.1,"pX":0,"scY":1,"skX":-14.78,"pY":0}},{"duration":3,"z":17,"transform":{"skY":-16.77,"x":46.6,"scX":1,"y":-54,"pX":0.15,"scY":1,"skX":-16.77,"pY":0}}],"offset":0,"scale":1},{"name":"outerarm_upper","frame":[{"duration":3,"z":18,"transform":{"skY":-14.78,"x":7.55,"scX":1,"y":-128.6,"pX":0,"scY":1,"skX":-14.78,"pY":0}},{"duration":3,"z":18,"transform":{"skY":-11.01,"x":16.4,"scX":1,"y":-133.9,"pX":0,"scY":1,"skX":-11.01,"pY":0}}],"offset":0.2,"scale":1}],"loop":0,"duration":6,"fadeInTime":0.25,"scale":8},{"tweenEasing":null,"name":"squat","autoTween":1,"timeline":[{"name":"innerarm_hand","frame":[{"duration":3,"z":0,"transform":{"skY":57.43,"x":-119.75,"scX":1,"y":27.95,"pX":0.05,"scY":1,"skX":57.43,"pY":0.05}}],"offset":0,"scale":1},{"name":"innerarm_lower","frame":[{"duration":3,"z":1,"transform":{"skY":52.41,"x":-65.35,"scX":1,"y":55.9,"pX":-0.1,"scY":1,"skX":52.41,"pY":0.15}}],"offset":0,"scale":1},{"name":"innerarm_upper","frame":[{"duration":3,"z":2,"transform":{"skY":33.82,"x":-16.05,"scX":1,"y":42.65,"pX":0.1,"scY":1,"skX":33.82,"pY":0}}],"offset":0,"scale":1},{"name":"innerweapon","frame":[{"duration":3,"z":3,"transform":{"skY":17.79,"x":-132.2,"scX":1,"y":10.85,"pX":0,"scY":1,"skX":17.79,"pY":-0.05}}],"offset":0,"scale":1},{"name":"innerleg_upper","frame":[{"duration":3,"z":4,"transform":{"skY":127.84,"x":-1.6,"scX":1,"y":167.2,"pX":-0.05,"scY":1,"skX":127.84,"pY":0}}],"offset":0,"scale":1},{"name":"innerleg_lower","frame":[{"duration":3,"z":5,"transform":{"skY":-3.76,"x":-92.65,"scX":1,"y":127.6,"pX":0.1,"scY":1,"skX":-2.26,"pY":-0.05}}],"offset":0,"scale":1},{"name":"innerleg_foot","frame":[{"duration":3,"z":6,"transform":{"skY":-1.51,"x":-83.1,"scX":1,"y":199.5,"pX":0,"scY":1,"skX":0,"pY":0}}],"offset":0,"scale":1},{"name":"head","frame":[{"duration":3,"z":7,"transform":{"skY":-14.99,"x":-4,"scX":1,"y":10,"pX":-0.7,"scY":1,"skX":-14.99,"pY":1.45}}],"offset":0,"scale":1},{"name":"upperbody","frame":[{"duration":3,"z":8,"transform":{"skY":-27.05,"x":20.3,"scX":1,"y":92.25,"pX":0,"scY":1,"skX":-27.05,"pY":0.05}}],"offset":0,"scale":1},{"name":"outerleg_upper","frame":[{"duration":3,"z":9,"transform":{"skY":-11.52,"x":9.05,"scX":1,"y":122.2,"pX":-0.05,"scY":1,"skX":-11.52,"pY":0}}],"offset":0,"scale":1},{"name":"outerleg_lower","frame":[{"duration":3,"z":10,"transform":{"skY":-81.48,"x":-6.8,"scX":1,"y":216.8,"pX":-0.05,"scY":1,"skX":-81.48,"pY":0}}],"offset":0,"scale":1},{"name":"outerleg_foot","frame":[{"duration":3,"z":11,"transform":{"skY":-119.83,"x":69.95,"scX":1,"y":212.6,"pX":0,"scY":1,"skX":-119.82,"pY":0.05}}],"offset":0,"scale":1},{"name":"lowerbody","frame":[{"duration":3,"z":12,"transform":{"skY":14.78,"x":11.05,"scX":1,"y":139.2,"pX":0.05,"scY":1,"skX":14.78,"pY":0}}],"offset":0,"scale":1},{"name":"outerarm_hand","frame":[{"duration":3,"z":16,"transform":{"skY":-31.81,"x":104.15,"scX":1,"y":120.95,"pX":-0.05,"scY":1,"skX":-31.82,"pY":0}}],"offset":0,"scale":1},{"name":"outerarm_lower","frame":[{"duration":3,"z":17,"transform":{"skY":-46.88,"x":76.65,"scX":1,"y":59.4,"pX":0.15,"scY":1,"skX":-46.87,"pY":0}}],"offset":0,"scale":1},{"name":"outerarm_upper","frame":[{"duration":3,"z":18,"transform":{"skY":-56.16,"x":8.5,"scX":1,"y":24.5,"pX":0.05,"scY":1,"skX":-56.16,"pY":0.1}}],"offset":0,"scale":1}],"loop":1,"duration":3,"fadeInTime":0.3,"scale":1},{"tweenEasing":null,"name":"run","autoTween":1,"timeline":[{"name":"innerarm_hand","frame":[{"duration":3,"z":0,"transform":{"skY":-6.76,"x":-116.2,"scX":1,"y":-102.6,"pX":0,"scY":1,"skX":-6.76,"pY":0.1}},{"duration":3,"z":0,"transform":{"skY":-14.78,"x":-79,"scX":1,"y":-45.3,"pX":0.05,"scY":1,"skX":-14.78,"pY":0}}],"offset":0,"scale":1},{"name":"innerarm_lower","frame":[{"duration":3,"z":1,"transform":{"skY":-15.78,"x":-65.55,"scX":1,"y":-143.75,"pX":-0.05,"scY":1,"skX":-15.78,"pY":0.15}},{"duration":3,"z":1,"transform":{"skY":-24.05,"x":-34.4,"scX":1,"y":-93.2,"pX":0,"scY":1,"skX":-24.05,"pY":0.1}}],"offset":0,"scale":1},{"name":"innerarm_upper","frame":[{"duration":3,"z":2,"transform":{"skY":-87.25,"x":-113.4,"scX":1,"y":-174.95,"pX":0.1,"scY":1,"skX":-87.24,"pY":0.05}},{"duration":3,"z":2,"transform":{"skY":-95.26,"x":-86.15,"scX":1,"y":-117.65,"pX":0.1,"scY":1,"skX":-95.26,"pY":0}}],"offset":0.05,"scale":1},{"name":"innerweapon","frame":[{"duration":3,"z":3,"transform":{"skY":-99.27,"x":-130.8,"scX":1,"y":-94.8,"pX":-0.05,"scY":1,"skX":-99.27,"pY":-0.05}},{"duration":3,"z":3,"transform":{"skY":-100.52,"x":-91.95,"scX":1,"y":-35.6,"pX":0,"scY":1,"skX":-100.52,"pY":-0.05}}],"offset":0,"scale":1},{"name":"innerleg_upper","frame":[{"duration":3,"z":4,"transform":{"skY":-76.97,"x":-12.7,"scX":1,"y":-51.4,"pX":-0.1,"scY":1,"skX":-76.97,"pY":-0.1}},{"duration":3,"z":4,"transform":{"skY":81.99,"x":-12.65,"scX":1,"y":10.5,"pX":-0.05,"scY":1,"skX":81.99,"pY":-0.1}}],"offset":0,"scale":1},{"name":"innerleg_lower","frame":[{"duration":3,"z":5,"transform":{"skY":-66.2,"x":101.95,"scX":1,"y":-29.7,"pX":0.05,"scY":1,"skX":-64.45,"pY":-0.1}},{"duration":3,"z":5,"transform":{"skY":-51.15,"x":-120.7,"scX":1,"y":48,"pX":0.05,"scY":1,"skX":-49.4,"pY":-0.05}}],"offset":0.1,"scale":1},{"name":"innerleg_foot","frame":[{"duration":3,"z":6,"transform":{"skY":-115.81,"x":171.15,"scX":1,"y":0.55,"pX":0.05,"scY":1,"skX":-114.29,"pY":0.1}},{"duration":3,"z":6,"transform":{"skY":-1.51,"x":-47.15,"scX":1,"y":103.1,"pX":0,"scY":1,"skX":0,"pY":0}}],"offset":0,"scale":1},{"name":"head","frame":[{"duration":3,"z":7,"transform":{"skY":-12.7,"x":-82.95,"scX":1,"y":-190,"pX":0.35,"scY":1,"skX":-12.71,"pY":1.75}},{"duration":3,"z":7,"transform":{"skY":-7.02,"x":-95,"scX":1,"y":-110.05,"pX":3.8,"scY":1,"skX":-7.02,"pY":2}}],"offset":0.1,"scale":0.5},{"name":"upperbody","frame":[{"duration":3,"z":8,"transform":{"skY":-35.58,"x":-46.8,"scX":1,"y":-114.3,"pX":0,"scY":1,"skX":-35.58,"pY":0}},{"duration":3,"z":8,"transform":{"skY":-45,"x":-46.35,"scX":1,"y":-50.2,"pX":0.05,"scY":1,"skX":-45,"pY":0.05}}],"offset":0,"scale":0.5},{"name":"outerleg_upper","frame":[{"duration":3,"z":9,"transform":{"skY":38.34,"x":-22.1,"scX":1,"y":-50.45,"pX":0.05,"scY":1,"skX":38.35,"pY":0.05}},{"duration":3,"z":9,"transform":{"skY":-108.54,"x":-16.35,"scX":1,"y":3.45,"pX":0.05,"scY":1,"skX":-108.53,"pY":-0.05}}],"offset":0,"scale":1},{"name":"outerleg_lower","frame":[{"duration":3,"z":10,"transform":{"skY":-46.14,"x":-127.2,"scX":1,"y":-4.65,"pX":0.1,"scY":1,"skX":-46.14,"pY":0.05}},{"duration":3,"z":10,"transform":{"skY":-61.19,"x":106.85,"scX":1,"y":34.6,"pX":-0.05,"scY":1,"skX":-61.19,"pY":0.1}}],"offset":0.1,"scale":1},{"name":"outerleg_foot","frame":[{"duration":3,"z":11,"transform":{"skY":0.26,"x":-52.3,"scX":1,"y":38.95,"pX":0.05,"scY":1,"skX":0.26,"pY":-0.05}},{"duration":3,"z":11,"transform":{"skY":-112.04,"x":170.55,"scX":1,"y":59.85,"pX":0.05,"scY":1,"skX":-112.04,"pY":0.1}}],"offset":0,"scale":1},{"name":"lowerbody","frame":[{"duration":3,"z":12,"transform":{"skY":-21.03,"x":-0.8,"scX":1,"y":-65.35,"pX":0,"scY":1,"skX":-21.03,"pY":0.05}},{"duration":3,"z":12,"transform":{"skY":-29.83,"x":-1.15,"scX":1,"y":-3.25,"pX":0.1,"scY":1,"skX":-29.82,"pY":-0.05}}],"offset":0,"scale":0.5},{"name":"outerarm_hand","frame":[{"duration":3,"z":16,"transform":{"skY":-84.98,"x":86.65,"scX":1,"y":-135.55,"pX":0,"scY":1,"skX":-84.99,"pY":0.05}},{"duration":3,"z":16,"transform":{"skY":-84.98,"x":34.65,"scX":1,"y":-34.45,"pX":0,"scY":1,"skX":-84.99,"pY":0}}],"offset":0,"scale":1},{"name":"outerarm_lower","frame":[{"duration":3,"z":17,"transform":{"skY":-84.98,"x":28.65,"scX":1,"y":-165.4,"pX":0.05,"scY":1,"skX":-84.99,"pY":-0.2}},{"duration":3,"z":17,"transform":{"skY":-69.96,"x":-13.95,"scX":1,"y":-76.65,"pX":0.1,"scY":1,"skX":-69.96,"pY":-0.05}}],"offset":0,"scale":1},{"name":"outerarm_upper","frame":[{"duration":3,"z":18,"transform":{"skY":-66.2,"x":-55.35,"scX":1,"y":-190,"pX":0,"scY":1,"skX":-66.2,"pY":0}},{"duration":3,"z":18,"transform":{"skY":-58.68,"x":-93.9,"scX":1,"y":-112.75,"pX":0,"scY":1,"skX":-58.68,"pY":0.05}}],"offset":0.05,"scale":1}],"loop":0,"duration":6,"fadeInTime":0.25,"scale":3.17},{"tweenEasing":null,"name":"jump","autoTween":1,"timeline":[{"name":"innerarm_hand","frame":[{"duration":3,"z":0,"transform":{"skY":-14.78,"x":-60.7,"scX":1,"y":-55.2,"pX":0.1,"scY":1,"skX":-14.78,"pY":0}}],"offset":0,"scale":1},{"name":"innerarm_lower","frame":[{"duration":3,"z":1,"transform":{"skY":-24.05,"x":-16.35,"scX":1,"y":-103.05,"pX":0,"scY":1,"skX":-24.05,"pY":0}}],"offset":0,"scale":1},{"name":"innerarm_upper","frame":[{"duration":3,"z":2,"transform":{"skY":-95.26,"x":-68,"scX":1,"y":-127.5,"pX":0.05,"scY":1,"skX":-95.26,"pY":0}}],"offset":0,"scale":1},{"name":"innerweapon","frame":[{"duration":3,"z":3,"transform":{"skY":-100.52,"x":-73.85,"scX":1,"y":-45.4,"pX":-0.1,"scY":1,"skX":-100.52,"pY":-0.05}}],"offset":0,"scale":1},{"name":"innerleg_upper","frame":[{"duration":3,"z":4,"transform":{"skY":-17.27,"x":13.2,"scX":1,"y":-7.55,"pX":-0.05,"scY":1,"skX":-17.28,"pY":0}}],"offset":0,"scale":1},{"name":"innerleg_lower","frame":[{"duration":3,"z":5,"transform":{"skY":-24.05,"x":65.5,"scX":1,"y":111.4,"pX":0,"scY":1,"skX":-22.3,"pY":-0.05}}],"offset":0,"scale":1},{"name":"innerleg_foot","frame":[{"duration":3,"z":6,"transform":{"skY":-61.69,"x":101.4,"scX":1,"y":187.2,"pX":0.05,"scY":1,"skX":-59.94,"pY":0.05}}],"offset":0,"scale":1},{"name":"head","frame":[{"duration":3,"z":7,"transform":{"skY":-7.02,"x":-48,"scX":1,"y":-140,"pX":-0.45,"scY":1,"skX":-7.02,"pY":0.45}}],"offset":0,"scale":1},{"name":"upperbody","frame":[{"duration":3,"z":8,"transform":{"skY":-22.54,"x":-31.25,"scX":1,"y":-58.4,"pX":0,"scY":1,"skX":-22.54,"pY":0}}],"offset":0,"scale":1},{"name":"outerleg_upper","frame":[{"duration":3,"z":9,"transform":{"skY":38.59,"x":-8.55,"scX":1,"y":14.15,"pX":0.1,"scY":1,"skX":38.59,"pY":0}}],"offset":0,"scale":1},{"name":"outerleg_lower","frame":[{"duration":3,"z":10,"transform":{"skY":-46.14,"x":-111.2,"scX":1,"y":64.95,"pX":0.05,"scY":1,"skX":-46.14,"pY":0}}],"offset":0,"scale":1},{"name":"outerleg_foot","frame":[{"duration":3,"z":11,"transform":{"skY":-67.2,"x":-47.5,"scX":1,"y":105.25,"pX":0,"scY":1,"skX":-67.2,"pY":0.05}}],"offset":0,"scale":1},{"name":"lowerbody","frame":[{"duration":3,"z":12,"transform":{"skY":-14.78,"x":-1.1,"scX":1,"y":-3.25,"pX":0,"scY":1,"skX":-14.78,"pY":0.1}}],"offset":0,"scale":1},{"name":"outerarm_hand","frame":[{"duration":3,"z":16,"transform":{"skY":-84.98,"x":99.55,"scX":1,"y":-51.45,"pX":0.05,"scY":1,"skX":-84.99,"pY":0.1}}],"offset":0,"scale":1},{"name":"outerarm_lower","frame":[{"duration":3,"z":17,"transform":{"skY":-69.96,"x":56.1,"scX":1,"y":-94.5,"pX":0.05,"scY":1,"skX":-69.96,"pY":-0.05}}],"offset":0,"scale":1},{"name":"outerarm_upper","frame":[{"duration":3,"z":18,"transform":{"skY":-58.68,"x":-23.7,"scX":1,"y":-130.45,"pX":-0.05,"scY":1,"skX":-58.68,"pY":0.05}}],"offset":0,"scale":1}],"loop":1,"duration":3,"fadeInTime":0.3,"scale":1},{"tweenEasing":null,"name":"fall","autoTween":1,"timeline":[{"name":"innerarm_hand","frame":[{"duration":3,"z":0,"transform":{"skY":-14.78,"x":-48.75,"scX":1,"y":-65.2,"pX":0.1,"scY":1,"skX":-14.78,"pY":0}}],"offset":0,"scale":1},{"name":"innerarm_lower","frame":[{"duration":3,"z":1,"transform":{"skY":-24.05,"x":-4.4,"scX":1,"y":-113.05,"pX":0,"scY":1,"skX":-24.05,"pY":0.1}}],"offset":0,"scale":1},{"name":"innerarm_upper","frame":[{"duration":3,"z":2,"transform":{"skY":-95.26,"x":-56.05,"scX":1,"y":-137.4,"pX":0.05,"scY":1,"skX":-95.26,"pY":0.05}}],"offset":0,"scale":1},{"name":"innerweapon","frame":[{"duration":3,"z":3,"transform":{"skY":-100.52,"x":-61.8,"scX":1,"y":-55.5,"pX":-0.1,"scY":1,"skX":-100.52,"pY":-0.05}}],"offset":0,"scale":1},{"name":"innerleg_upper","frame":[{"duration":3,"z":4,"transform":{"skY":57.68,"x":-10.15,"scX":1,"y":3.55,"pX":-0.05,"scY":1,"skX":57.68,"pY":-0.1}}],"offset":0,"scale":1},{"name":"innerleg_lower","frame":[{"duration":3,"z":5,"transform":{"skY":-39.1,"x":-94.75,"scX":1,"y":84.8,"pX":0.05,"scY":1,"skX":-37.35,"pY":-0.05}}],"offset":0,"scale":1},{"name":"innerleg_foot","frame":[{"duration":3,"z":6,"transform":{"skY":-68.96,"x":-37.15,"scX":1,"y":149.15,"pX":0,"scY":1,"skX":-67.21,"pY":0.05}}],"offset":0,"scale":1},{"name":"head","frame":[{"duration":3,"z":7,"transform":{"skY":-7.02,"x":-36,"scX":1,"y":-153,"pX":-0.75,"scY":1,"skX":-7.02,"pY":2.4}}],"offset":0,"scale":1},{"name":"upperbody","frame":[{"duration":3,"z":8,"transform":{"skY":-22.54,"x":-19.15,"scX":1,"y":-68.4,"pX":0,"scY":1,"skX":-22.54,"pY":0}}],"offset":0,"scale":1},{"name":"outerleg_upper","frame":[{"duration":3,"z":9,"transform":{"skY":-23.3,"x":-0.1,"scX":1,"y":0,"pX":-0.05,"scY":1,"skX":-23.3,"pY":-0.05}}],"offset":0,"scale":1},{"name":"outerleg_lower","frame":[{"duration":3,"z":10,"transform":{"skY":-1.01,"x":-13.2,"scX":1,"y":126.3,"pX":0,"scY":1,"skX":-1.02,"pY":0.05}}],"offset":0,"scale":1},{"name":"outerleg_foot","frame":[{"duration":3,"z":11,"transform":{"skY":-22.04,"x":3.7,"scX":1,"y":201.5,"pX":0,"scY":1,"skX":-22.04,"pY":0.05}}],"offset":0,"scale":1},{"name":"lowerbody","frame":[{"duration":3,"z":12,"transform":{"skY":-5,"x":-0.75,"scX":1,"y":-3.1,"pX":0,"scY":1,"skX":-5.01,"pY":0}}],"offset":0,"scale":1},{"name":"outerarm_hand","frame":[{"duration":3,"z":16,"transform":{"skY":-84.98,"x":111.65,"scX":1,"y":-61.45,"pX":0.05,"scY":1,"skX":-84.99,"pY":0.05}}],"offset":0,"scale":1},{"name":"outerarm_lower","frame":[{"duration":3,"z":17,"transform":{"skY":-69.96,"x":68.15,"scX":1,"y":-104.35,"pX":0.1,"scY":1,"skX":-69.96,"pY":-0.05}}],"offset":0,"scale":1},{"name":"outerarm_upper","frame":[{"duration":3,"z":18,"transform":{"skY":-58.68,"x":-11.65,"scX":1,"y":-140.45,"pX":0,"scY":1,"skX":-58.68,"pY":0}}],"offset":0,"scale":1}],"loop":1,"duration":3,"fadeInTime":0.3,"scale":1},{"tweenEasing":null,"name":"attack","autoTween":1,"timeline":[{"name":"innerarm_hand","frame":[{"duration":2,"z":0,"transform":{"skY":89.27,"x":-108.95,"scX":1,"y":-209.2,"pX":0.1,"scY":1,"skX":89.27,"pY":0.1}},{"duration":8,"z":13,"transform":{"skY":89.27,"x":-108.95,"scX":1,"y":-209.2,"pX":0.1,"scY":1,"skX":89.27,"pY":0.1},"tweenEasing":0},{"duration":11,"z":13,"transform":{"skY":-153.18,"x":-43,"scX":1,"y":-9.55,"pX":0.15,"scY":1,"skX":-153.18,"pY":0}}],"offset":0,"scale":1},{"name":"innerarm_lower","frame":[{"duration":2,"z":1,"transform":{"skY":72.22,"x":-66.3,"scX":1,"y":-159.85,"pX":-0.05,"scY":1,"skX":72.22,"pY":0}},{"duration":8,"z":14,"transform":{"skY":72.22,"x":-66.3,"scX":1,"y":-159.85,"pX":-0.05,"scY":1,"skX":72.22,"pY":0},"tweenEasing":0},{"duration":11,"z":14,"transform":{"skY":-110.23,"x":-90.05,"scX":1,"y":-59.6,"pX":0,"scY":1,"skX":-110.22,"pY":-0.05}}],"offset":0,"scale":1},{"name":"innerarm_upper","frame":[{"duration":2,"z":2,"transform":{"skY":71.23,"x":-11.9,"scX":1,"y":-131.55,"pX":0.1,"scY":1,"skX":71.23,"pY":0.05}},{"duration":8,"z":2,"transform":{"skY":71.23,"x":-11.9,"scX":1,"y":-131.55,"pX":0.1,"scY":1,"skX":71.23,"pY":0.05},"tweenEasing":0},{"duration":11,"z":2,"transform":{"skY":-21.22,"x":-53.75,"scX":1,"y":-118.25,"pX":0.2,"scY":1,"skX":-21.22,"pY":0.1}}],"offset":0,"scale":1},{"name":"innerweapon","frame":[{"duration":2,"z":3,"transform":{"skY":-135.94,"x":-114.75,"scX":1,"y":-225.65,"pX":-0.1,"scY":1,"skX":-135.94,"pY":0.05}},{"duration":8,"z":15,"transform":{"skY":-135.94,"x":-114.75,"scX":1,"y":-225.65,"pX":-0.1,"scY":1,"skX":-135.94,"pY":0.05},"tweenEasing":0},{"duration":11,"z":15,"transform":{"skY":-30.38,"x":-30.05,"scX":1,"y":-11,"pX":-0.25,"scY":1,"skX":-30.38,"pY":-0.1}}],"offset":0,"scale":1},{"name":"innerleg_upper","frame":[{"duration":2,"z":4,"transform":{"skY":-12.94,"x":0.1,"scX":1,"y":-7.55,"pX":-0.2,"scY":1,"skX":-12.94,"pY":-0.1}},{"duration":8,"z":4,"transform":{"skY":-12.94,"x":0.1,"scX":1,"y":-7.55,"pX":-0.2,"scY":1,"skX":-12.94,"pY":-0.1},"tweenEasing":0},{"duration":11,"z":4,"transform":{"skY":-27.94,"x":0.1,"scX":1,"y":-7.55,"pX":-0.25,"scY":1,"skX":-27.94,"pY":-0.1}}],"offset":0,"scale":1},{"name":"innerleg_lower","frame":[{"duration":2,"z":5,"transform":{"skY":-10.7,"x":27.15,"scX":1,"y":117.05,"pX":-0.05,"scY":1,"skX":-9.19,"pY":-0.1}},{"duration":8,"z":5,"transform":{"skY":-10.7,"x":27.15,"scX":1,"y":117.05,"pX":-0.05,"scY":1,"skX":-9.19,"pY":-0.1},"tweenEasing":0},{"duration":11,"z":5,"transform":{"skY":-40.7,"x":79.5,"scX":1,"y":100.4,"pX":0.05,"scY":1,"skX":-39.19,"pY":-0.1}}],"offset":0,"scale":1},{"name":"innerleg_foot","frame":[{"duration":2,"z":6,"transform":{"skY":-1.51,"x":50.9,"scX":1,"y":199.2,"pX":0,"scY":1,"skX":0,"pY":0}},{"duration":8,"z":6,"transform":{"skY":-1.51,"x":50.9,"scX":1,"y":199.2,"pX":0,"scY":1,"skX":0,"pY":0},"tweenEasing":0},{"duration":11,"z":6,"transform":{"skY":-16.51,"x":141.15,"scX":1,"y":159.75,"pX":0.05,"scY":1,"skX":-15,"pY":0}}],"offset":0,"scale":1},{"name":"head","frame":[{"duration":2,"z":7,"transform":{"skY":0.01,"x":7,"scX":1,"y":-146,"pX":-1.55,"scY":1,"skX":0.01,"pY":-2.1}},{"duration":8,"z":7,"transform":{"skY":0.01,"x":7,"scX":1,"y":-147,"pX":-1.55,"scY":1,"skX":0.01,"pY":-1.1},"tweenEasing":0},{"duration":11,"z":7,"transform":{"skY":-17.43,"x":-36.1,"scX":1,"y":-140,"pX":-2.5,"scY":1,"skX":-17.44,"pY":-3.35}}],"offset":0,"scale":1},{"name":"upperbody","frame":[{"duration":2,"z":8,"transform":{"skY":2.76,"x":-14.05,"scX":1,"y":-59.8,"pX":0.05,"scY":1,"skX":2.77,"pY":0.05}},{"duration":8,"z":8,"transform":{"skY":2.76,"x":-14.05,"scX":1,"y":-59.8,"pX":0.05,"scY":1,"skX":2.77,"pY":0.05},"tweenEasing":0},{"duration":11,"z":8,"transform":{"skY":-14.68,"x":-31.6,"scX":1,"y":-52.35,"pX":0.1,"scY":1,"skX":-14.68,"pY":0.1}}],"offset":0,"scale":1},{"name":"outerleg_upper","frame":[{"duration":2,"z":9,"transform":{"skY":-6.66,"x":-8.6,"scX":1,"y":2.1,"pX":0.1,"scY":1,"skX":-6.67,"pY":0}},{"duration":8,"z":9,"transform":{"skY":-6.66,"x":-8.6,"scX":1,"y":2.1,"pX":0.1,"scY":1,"skX":-6.67,"pY":0},"tweenEasing":0},{"duration":11,"z":9,"transform":{"skY":14.05,"x":-8.6,"scX":1,"y":2.1,"pX":0.1,"scY":1,"skX":14.05,"pY":0.05}}],"offset":0,"scale":1},{"name":"outerleg_lower","frame":[{"duration":2,"z":10,"transform":{"skY":24.32,"x":-60.85,"scX":1,"y":117.45,"pX":0.05,"scY":1,"skX":24.32,"pY":0}},{"duration":8,"z":10,"transform":{"skY":24.32,"x":-60.85,"scX":1,"y":117.45,"pX":0.05,"scY":1,"skX":24.32,"pY":0},"tweenEasing":0},{"duration":11,"z":10,"transform":{"skY":-20.68,"x":-79.85,"scX":1,"y":93.55,"pX":0.15,"scY":1,"skX":-20.68,"pY":-0.05}}],"offset":0,"scale":1},{"name":"outerleg_foot","frame":[{"duration":2,"z":11,"transform":{"skY":6.3,"x":-77.9,"scX":1,"y":194.95,"pX":0.05,"scY":1,"skX":6.3,"pY":0.05}},{"duration":8,"z":11,"transform":{"skY":6.3,"x":-77.9,"scX":1,"y":194.95,"pX":0.05,"scY":1,"skX":6.3,"pY":0.05},"tweenEasing":0},{"duration":11,"z":11,"transform":{"skY":6.3,"x":-26.75,"scX":1,"y":166.8,"pX":0.05,"scY":1,"skX":6.3,"pY":0}}],"offset":0,"scale":1},{"name":"lowerbody","frame":[{"duration":2,"z":12,"transform":{"skY":0,"x":1.55,"scX":1,"y":0.95,"pX":0,"scY":1,"skX":0,"pY":0}},{"duration":8,"z":12,"transform":{"skY":0,"x":1.55,"scX":1,"y":0.95,"pX":0,"scY":1,"skX":0,"pY":0},"tweenEasing":0},{"duration":11,"z":12,"transform":{"skY":-17.45,"x":1.55,"scX":1,"y":0.95,"pX":-0.05,"scY":1,"skX":-17.45,"pY":0}}],"offset":0,"scale":1},{"name":"outerarm_hand","frame":[{"duration":2,"z":16,"transform":{"skY":-16.77,"x":39.7,"scX":1,"y":12.9,"pX":0.05,"scY":1,"skX":-16.77,"pY":0.05}},{"duration":8,"z":16,"transform":{"skY":-16.77,"x":39.7,"scX":1,"y":12.9,"pX":0.05,"scY":1,"skX":-16.77,"pY":0.05},"tweenEasing":0},{"duration":11,"z":16,"transform":{"skY":-16.77,"x":64.95,"scX":1,"y":-45.6,"pX":0,"scY":1,"skX":-16.77,"pY":0}}],"offset":0,"scale":1},{"name":"outerarm_lower","frame":[{"duration":2,"z":17,"transform":{"skY":-16.77,"x":46.6,"scX":1,"y":-54,"pX":0.15,"scY":1,"skX":-16.77,"pY":0}},{"duration":8,"z":17,"transform":{"skY":-16.77,"x":46.6,"scX":1,"y":-54,"pX":0.15,"scY":1,"skX":-16.77,"pY":0},"tweenEasing":0},{"duration":11,"z":17,"transform":{"skY":-34.22,"x":48.9,"scX":1,"y":-107.95,"pX":0.15,"scY":1,"skX":-34.22,"pY":0}}],"offset":0,"scale":1},{"name":"outerarm_upper","frame":[{"duration":2,"z":18,"transform":{"skY":-11.01,"x":16.4,"scX":1,"y":-133.9,"pX":0,"scY":1,"skX":-11.01,"pY":0}},{"duration":8,"z":18,"transform":{"skY":-11.01,"x":16.4,"scX":1,"y":-133.9,"pX":0,"scY":1,"skX":-11.01,"pY":0},"tweenEasing":0},{"duration":11,"z":18,"transform":{"skY":-73.46,"x":-24.75,"scX":1,"y":-132.2,"pX":-0.1,"scY":1,"skX":-73.46,"pY":0}}],"offset":0,"scale":1}],"loop":1,"duration":21,"frame":[{"duration":6},{"duration":14,"event":"hitTarget"},{"duration":1,"action":"ready"}],"fadeInTime":0.25,"scale":2.81},{"tweenEasing":null,"name":"hit","autoTween":1,"timeline":[{"name":"innerarm_hand","frame":[{"duration":8,"z":0,"transform":{"skY":3.46,"x":-16.35,"scX":1,"y":-47.25,"pX":0.05,"scY":1,"skX":3.46,"pY":-0.05},"colorTransform":{"rO":255,"bM":0,"bO":0,"gM":0,"aM":100,"rM":100,"gO":0,"aO":0}}],"offset":0,"scale":1},{"name":"innerarm_lower","frame":[{"duration":8,"z":1,"transform":{"skY":-5.82,"x":40.85,"scX":1,"y":-78.65,"pX":-0.1,"scY":1,"skX":-5.82,"pY":0.1},"colorTransform":{"rO":255,"bM":0,"bO":0,"gM":0,"aM":100,"rM":100,"gO":0,"aO":0}}],"offset":0,"scale":1},{"name":"innerarm_upper","frame":[{"duration":8,"z":2,"transform":{"skY":-11.59,"x":76.05,"scX":1,"y":-128.5,"pX":0.05,"scY":1,"skX":-11.59,"pY":0},"colorTransform":{"rO":255,"bM":0,"bO":0,"gM":0,"aM":100,"rM":100,"gO":0,"aO":0}}],"offset":0,"scale":1},{"name":"innerweapon","frame":[{"duration":8,"z":3,"transform":{"skY":-22.25,"x":-32.2,"scX":1,"y":-41.1,"pX":0,"scY":1,"skX":-22.24,"pY":0},"colorTransform":{"rO":255,"bM":0,"bO":0,"gM":0,"aM":100,"rM":100,"gO":0,"aO":0}}],"offset":0,"scale":1},{"name":"innerleg_upper","frame":[{"duration":8,"z":4,"transform":{"skY":12.01,"x":54.75,"scX":1,"y":-17.3,"pX":0,"scY":1,"skX":12.01,"pY":-0.05},"colorTransform":{"rO":255,"bM":0,"bO":0,"gM":0,"aM":100,"rM":100,"gO":0,"aO":0}}],"offset":0,"scale":1},{"name":"innerleg_lower","frame":[{"duration":8,"z":5,"transform":{"skY":4.76,"x":35.7,"scX":1,"y":112.45,"pX":0.05,"scY":1,"skX":6.27,"pY":-0.1},"colorTransform":{"rO":255,"bM":0,"bO":0,"gM":0,"aM":100,"rM":100,"gO":0,"aO":0}}],"offset":0,"scale":1},{"name":"innerleg_foot","frame":[{"duration":8,"z":6,"transform":{"skY":-1.51,"x":34.1,"scX":1,"y":189.45,"pX":0.05,"scY":1,"skX":0,"pY":0},"colorTransform":{"rO":255,"bM":0,"bO":0,"gM":0,"aM":100,"rM":100,"gO":0,"aO":0}}],"offset":0,"scale":1},{"name":"head","frame":[{"duration":8,"z":7,"transform":{"skY":63.24,"x":103,"scX":1,"y":-135,"pX":-0.8,"scY":1,"skX":63.24,"pY":4.3},"colorTransform":{"rO":255,"bM":0,"bO":0,"gM":0,"aM":100,"rM":100,"gO":0,"aO":0}}],"offset":0,"scale":1},{"name":"upperbody","frame":[{"duration":8,"z":8,"transform":{"skY":18.24,"x":60.4,"scX":1,"y":-67,"pX":0.05,"scY":1,"skX":18.24,"pY":0},"colorTransform":{"rO":255,"bM":0,"bO":0,"gM":0,"aM":100,"rM":100,"gO":0,"aO":0}}],"offset":0,"scale":1},{"name":"outerleg_upper","frame":[{"duration":8,"z":9,"transform":{"skY":-17.92,"x":53.1,"scX":1,"y":-14.15,"pX":0.05,"scY":1,"skX":-17.92,"pY":-0.05},"colorTransform":{"rO":255,"bM":0,"bO":0,"gM":0,"aM":100,"rM":100,"gO":0,"aO":0}}],"offset":0,"scale":1},{"name":"outerleg_lower","frame":[{"duration":8,"z":10,"transform":{"skY":35.5,"x":17.1,"scX":1,"y":108.9,"pX":0,"scY":1,"skX":35.5,"pY":0.1},"colorTransform":{"rO":255,"bM":0,"bO":0,"gM":0,"aM":100,"rM":100,"gO":0,"aO":0}}],"offset":0,"scale":1},{"name":"outerleg_foot","frame":[{"duration":8,"z":11,"transform":{"skY":5.5,"x":-15.3,"scX":1,"y":181.95,"pX":0,"scY":1,"skX":5.5,"pY":0.05},"colorTransform":{"rO":255,"bM":0,"bO":0,"gM":0,"aM":100,"rM":100,"gO":0,"aO":0}}],"offset":0,"scale":1},{"name":"lowerbody","frame":[{"duration":8,"z":12,"transform":{"skY":18.24,"x":56.35,"scX":1,"y":-4.75,"pX":0.05,"scY":1,"skX":18.24,"pY":0},"colorTransform":{"rO":255,"bM":0,"bO":0,"gM":0,"aM":100,"rM":100,"gO":0,"aO":0}}],"offset":0,"scale":1},{"name":"outerarm_hand","frame":[{"duration":8,"z":16,"transform":{"skY":15.22,"x":15.15,"scX":1,"y":-0.3,"pX":0,"scY":1,"skX":15.22,"pY":0.1},"colorTransform":{"rO":255,"bM":0,"bO":0,"gM":0,"aM":100,"rM":100,"gO":0,"aO":0}}],"offset":0,"scale":1},{"name":"outerarm_lower","frame":[{"duration":8,"z":17,"transform":{"skY":33.46,"x":71.7,"scX":1,"y":-51,"pX":-0.05,"scY":1,"skX":33.45,"pY":0},"colorTransform":{"rO":255,"bM":0,"bO":0,"gM":0,"aM":100,"rM":100,"gO":0,"aO":0}}],"offset":0,"scale":1},{"name":"outerarm_upper","frame":[{"duration":8,"z":18,"transform":{"skY":33.46,"x":105.9,"scX":1,"y":-129.05,"pX":0,"scY":1,"skX":33.45,"pY":0.1},"colorTransform":{"rO":255,"bM":0,"bO":0,"gM":0,"aM":100,"rM":100,"gO":0,"aO":0}}],"offset":0,"scale":1}],"loop":1,"duration":8,"frame":[{"duration":7},{"duration":1,"action":"ready"}],"fadeInTime":0.3,"scale":1}],"bone":[{"name":"innerarm_hand","transform":{"skY":-14.78,"x":-82.95,"scX":1,"y":-12.7,"scY":1,"skX":-14.78},"parent":"innerarm_lower"},{"name":"innerarm_lower","transform":{"skY":-24.05,"x":-38.5,"scX":1,"y":-60.4,"scY":1,"skX":-24.05},"parent":"innerarm_upper"},{"name":"innerarm_upper","transform":{"skY":-29.83,"x":-20.65,"scX":1,"y":-118.75,"scY":1,"skX":-29.82},"parent":"upperbody"},{"name":"innerweapon","transform":{"skY":-64.7,"x":-96.1,"scX":1,"y":-1.9,"scY":1,"skX":-64.7},"parent":"innerarm_hand"},{"name":"innerleg_upper","transform":{"skY":12.01,"x":-2.25,"scX":1,"y":-7.6,"scY":1,"skX":12.01},"parent":"lowerbody"},{"name":"innerleg_lower","transform":{"skY":4.76,"x":-21.3,"scX":1,"y":122.15,"scY":1,"skX":6.27},"parent":"innerleg_upper"},{"name":"innerleg_foot","transform":{"skY":-1.51,"x":-22.9,"scX":1,"y":199.15,"scY":1,"skX":0},"parent":"innerleg_lower"},{"name":"head","transform":{"skY":0,"x":0,"scX":1,"y":-143,"scY":1,"skX":0},"parent":"upperbody"},{"name":"upperbody","transform":{"skY":0,"x":-16.25,"scX":1,"y":-55.45,"scY":1,"skX":0},"parent":"lowerbody"},{"name":"outerleg_upper","transform":{"skY":-53.41,"x":-10.85,"scX":1,"y":2.15,"scY":1,"skX":-53.41},"parent":"lowerbody"},{"name":"outerleg_lower","transform":{"skY":0,"x":31.3,"scX":1,"y":123.3,"scY":1,"skX":0},"parent":"outerleg_upper"},{"name":"outerleg_foot","transform":{"skY":0,"x":47.35,"scX":1,"y":201.55,"scY":1,"skX":0},"parent":"outerleg_lower"},{"transform":{"skY":0,"x":-0.65,"scX":1,"y":4.95,"scY":1,"skX":0},"name":"lowerbody"},{"name":"outerarm_hand","transform":{"skY":-14.78,"x":33.75,"scX":1,"y":15.65,"scY":1,"skX":-14.78},"parent":"outerarm_lower"},{"name":"outerarm_lower","transform":{"skY":-14.78,"x":42.95,"scX":1,"y":-51.1,"scY":1,"skX":-14.78},"parent":"outerarm_upper"},{"name":"outerarm_upper","transform":{"skY":-14.78,"x":7.55,"scX":1,"y":-128.6,"scY":1,"skX":-14.78},"parent":"upperbody"}],"skin":[{"slot":[{"display":[{"type":"image","name":"warriorFolder/innerarm_hand","transform":{"skY":0,"x":-37.3,"scX":1,"y":-15,"pX":0,"scY":1,"skX":0,"pY":0}}],"name":"innerarm_hand","z":0,"parent":"innerarm_hand"},{"display":[{"type":"image","name":"warriorFolder/innerarm_lower","transform":{"skY":0,"x":-65.4,"scX":1,"y":-16.35,"pX":0,"scY":1,"skX":0,"pY":0}}],"name":"innerarm_lower","z":1,"parent":"innerarm_lower"},{"display":[{"type":"image","name":"warriorFolder/innerarm_upper","transform":{"skY":0,"x":-58.35,"scX":1,"y":-30.5,"pX":0,"scY":1,"skX":0,"pY":0}}],"name":"innerarm_upper","z":2,"parent":"innerarm_upper"},{"display":[{"type":"image","name":"warriorFolder/innerweapon","transform":{"skY":0,"x":-21.35,"scX":1,"y":-51.35,"pX":0,"scY":1,"skX":0,"pY":0}}],"name":"innerweapon","z":3,"parent":"innerweapon"},{"display":[{"type":"image","name":"warriorFolder/innerleg_upper","transform":{"skY":0,"x":-42.1,"scX":1,"y":-19.6,"pX":0,"scY":1,"skX":0,"pY":0}}],"name":"innerleg_upper","z":4,"parent":"innerleg_upper"},{"display":[{"type":"image","name":"warriorFolder/innerleg_lower","transform":{"skY":0,"x":-33.8,"scX":1,"y":-24.2,"pX":0,"scY":1,"skX":0,"pY":0}}],"name":"innerleg_lower","z":5,"parent":"innerleg_lower"},{"display":[{"type":"image","name":"warriorFolder/innerleg_foot","transform":{"skY":0,"x":-64.1,"scX":1,"y":-11.9,"pX":0,"scY":1,"skX":0,"pY":0}}],"name":"innerleg_foot","z":6,"parent":"innerleg_foot"},{"display":[{"type":"image","name":"warriorFolder/head","transform":{"skY":0,"x":-55.65,"scX":1,"y":-87.65,"pX":0,"scY":1,"skX":0,"pY":0}}],"name":"head","z":7,"parent":"head"},{"display":[{"type":"image","name":"warriorFolder/upperbody","transform":{"skY":0,"x":-45,"scX":1,"y":-107.6,"pX":0,"scY":1,"skX":0,"pY":0}}],"name":"upperbody","z":8,"parent":"upperbody"},{"display":[{"type":"image","name":"warriorFolder/outerleg_upper","transform":{"skY":0,"x":-82.1,"scX":1,"y":-24.95,"pX":0,"scY":1,"skX":0,"pY":0}}],"name":"outerleg_upper","z":9,"parent":"outerleg_upper"},{"display":[{"type":"image","name":"warriorFolder/outerleg_lower","transform":{"skY":0,"x":-37,"scX":1,"y":-24.3,"pX":0,"scY":1,"skX":0,"pY":0}}],"name":"outerleg_lower","z":10,"parent":"outerleg_lower"},{"display":[{"type":"image","name":"warriorFolder/outerleg_foot","transform":{"skY":0,"x":-62.9,"scX":1,"y":-7.9,"pX":0,"scY":1,"skX":0,"pY":0}}],"name":"outerleg_foot","z":11,"parent":"outerleg_foot"},{"display":[{"type":"image","name":"warriorFolder/lowerbody","transform":{"skY":0,"x":-57,"scX":1,"y":-94.35,"pX":0,"scY":1,"skX":0,"pY":0}}],"name":"lowerbody","z":12,"parent":"lowerbody"},{"display":[{"type":"image","name":"warriorFolder/outerarm_hand","transform":{"skY":0,"x":-31.65,"scX":1,"y":-10.1,"pX":0,"scY":1,"skX":0,"pY":0}}],"name":"outerarm_hand","z":16,"parent":"outerarm_hand"},{"display":[{"type":"image","name":"warriorFolder/outerarm_lower","transform":{"skY":0,"x":-38.25,"scX":1,"y":-12.1,"pX":0,"scY":1,"skX":0,"pY":0}}],"name":"outerarm_lower","z":17,"parent":"outerarm_lower"},{"display":[{"type":"image","name":"warriorFolder/outerarm_upper","transform":{"skY":0,"x":-29.85,"scX":1,"y":-21.15,"pX":0,"scY":1,"skX":0,"pY":0}}],"name":"outerarm_upper","z":18,"parent":"outerarm_upper"}],"name":"default"}],"name":"warrior"}],"name":"Warrior","frameRate":24,"version":2.3}