{"imagePath":"texture.png","name":"Warrior","SubTexture":[{"x":385,"height":42,"name":"warriorFolder/innerarm_hand","width":47,"y":130},{"x":193,"height":57,"name":"warriorFolder/innerarm_lower","width":80,"y":253},{"x":433,"height":93,"name":"warriorFolder/innerarm_upper","width":75,"y":132},{"x":0,"height":333,"name":"warriorFolder/innerweapon","width":39,"y":0},{"x":150,"height":153,"name":"warriorFolder/innerleg_upper","width":93,"y":0},{"x":444,"height":131,"name":"warriorFolder/innerleg_lower","width":62,"y":0},{"x":106,"height":58,"name":"warriorFolder/innerleg_foot","width":86,"y":216},{"x":40,"height":96,"name":"warriorFolder/head","width":65,"y":144},{"x":351,"height":129,"name":"warriorFolder/upperbody","width":92,"y":0},{"x":40,"height":142,"name":"warriorFolder/outerleg_upper","width":109,"y":0},{"x":244,"height":125,"name":"warriorFolder/outerleg_lower","width":66,"y":127},{"x":106,"height":60,"name":"warriorFolder/outerleg_foot","width":86,"y":155},{"x":244,"height":126,"name":"warriorFolder/lowerbody","width":106,"y":0},{"x":193,"height":45,"name":"warriorFolder/outerarm_hand","width":44,"y":155},{"x":385,"height":81,"name":"warriorFolder/outerarm_lower","width":61,"y":227},{"x":312,"height":110,"name":"warriorFolder/outerarm_upper","width":71,"y":130}]}